0.109971,2.707967,0.968867,-0.107237,-0.032202,0.985225,0.129595,-0.001775,-0.003566,-0.022149,0.490538,-0.070713,0.015138,0.000695,-0.486068,0.625095,-0.398420,-0.084691,0.335342,-0.619120,-1.199141,0.490467,-0.348099,0.220386,-0.984543
0.059244,2.725827,0.974653,-0.108537,-0.030945,0.985871,0.123779,0.005707,0.014209,-0.003955,0.533031,0.017364,0.014587,0.018676,-0.467009,0.435047,-0.394581,-0.106616,0.316674,-0.661131,-1.305057,0.541197,-0.360269,0.193272,-1.004008
0.008869,2.743752,0.969484,-0.110313,-0.032541,0.987052,0.111805,-0.001426,0.037368,-0.016877,0.645620,0.051774,0.011259,0.037427,-0.458356,0.336269,-0.414366,-0.123203,0.309806,-0.695076,-1.394831,0.567768,-0.370155,0.184214,-1.022410
-0.041296,2.760880,0.953356,-0.108778,-0.034416,0.988469,0.099556,-0.004182,0.058951,-0.047608,0.805493,0.011383,-0.017137,0.054356,-0.457777,0.335617,-0.376003,-0.124052,0.314593,-0.713453,-1.471944,0.563433,-0.380095,0.191581,-1.031367
-0.089075,2.776540,0.929079,-0.105961,-0.034441,0.989874,0.087957,-0.000444,0.076950,-0.095356,0.988586,-0.094263,-0.029613,0.056707,-0.509091,0.564597,-0.422058,-0.103997,0.323600,-0.694448,-1.525713,0.528996,-0.390879,0.213378,-1.046656
-0.134094,2.791284,0.905883,-0.108697,-0.029745,0.990596,0.077591,0.002877,0.086425,-0.175435,1.164723,-0.209094,-0.055576,0.052658,-0.552304,0.747613,-0.529314,-0.063255,0.322417,-0.632553,-1.523736,0.430714,-0.408635,0.275543,-1.033155
-0.177869,2.802176,0.891371,-0.124357,-0.026677,0.989297,0.071519,0.005191,0.085321,-0.299309,1.295897,-0.291143,-0.052523,0.054514,-0.550599,0.808165,-0.624900,-0.014368,0.336345,-0.548525,-1.484220,0.265752,-0.420683,0.396482,-1.032111
-0.222849,2.812265,0.889578,-0.120702,-0.026984,0.990925,0.052627,-0.006021,0.081581,-0.394076,1.358833,-0.341133,-0.059551,0.057177,-0.477923,0.804604,-0.656558,0.066124,0.361584,-0.472215,-1.434558,0.125075,-0.404764,0.504610,-1.051605
-0.277898,2.823659,0.899789,-0.116249,-0.032292,0.992326,0.027047,-0.023094,0.082035,-0.422534,1.291107,-0.408934,-0.073923,0.073476,-0.366919,0.725080,-0.632197,0.149808,0.413328,-0.407688,-1.398381,0.029314,-0.362734,0.559154,-1.120926
-0.326297,2.826880,0.917878,-0.114075,-0.035732,0.992807,-0.006606,-0.060052,0.050346,-0.474291,1.183345,-0.480003,-0.095611,0.080956,-0.256705,0.625546,-0.546156,0.224397,0.470542,-0.364881,-1.365800,-0.029387,-0.327655,0.575858,-1.212725
-0.376050,2.825695,0.939415,-0.110282,-0.039062,0.992450,-0.036820,-0.095527,0.008926,-0.494401,1.003762,-0.491030,-0.134057,0.077174,-0.154184,0.544889,-0.399205,0.307682,0.518915,-0.324034,-1.357845,-0.073498,-0.304754,0.591495,-1.298606
-0.428002,2.823826,0.958372,-0.104261,-0.042585,0.991437,-0.066091,-0.118460,-0.026091,-0.479512,0.779939,-0.481795,-0.171302,0.069637,-0.064051,0.488202,-0.254073,0.380997,0.556970,-0.285999,-1.342365,-0.099787,-0.288461,0.595144,-1.387083
-0.479315,2.820755,0.970317,-0.099847,-0.047776,0.989957,-0.087942,-0.120889,-0.053660,-0.449105,0.539720,-0.451012,-0.188006,0.059653,-0.008620,0.487913,-0.109961,0.440497,0.586510,-0.239178,-1.340505,-0.123346,-0.278878,0.602829,-1.468767
-0.530244,2.817820,0.972402,-0.103704,-0.052185,0.987445,-0.107122,-0.106129,-0.084893,-0.438181,0.367718,-0.418525,-0.194762,0.042617,-0.006542,0.558082,0.014531,0.470491,0.604443,-0.201669,-1.348339,-0.132022,-0.270200,0.593695,-1.522140
-0.581559,2.816071,0.963549,-0.105559,-0.053477,0.985654,-0.120350,-0.074207,-0.121681,-0.444986,0.322702,-0.408130,-0.184921,0.017639,-0.023848,0.669735,0.112502,0.486735,0.609425,-0.182244,-1.356670,-0.124565,-0.265800,0.583433,-1.541639
-0.633080,2.815049,0.944074,-0.106940,-0.055611,0.984099,-0.130460,-0.066197,-0.137706,-0.464417,0.372786,-0.382530,-0.173135,-0.011535,-0.056984,0.813696,0.129427,0.473468,0.609647,-0.187102,-1.365813,-0.111108,-0.264724,0.571700,-1.519895
-0.682494,2.812470,0.915031,-0.105347,-0.058450,0.982851,-0.139602,-0.063110,-0.151078,-0.508677,0.560854,-0.364050,-0.171842,-0.055308,-0.102035,0.986573,0.018955,0.437421,0.610245,-0.221773,-1.383853,-0.087997,-0.269663,0.558557,-1.457671
-0.728019,2.805501,0.888424,-0.111044,-0.064710,0.981039,-0.145066,-0.102218,-0.158285,-0.573942,0.766641,-0.458795,-0.170033,-0.104725,-0.179602,1.150581,-0.102873,0.341807,0.611713,-0.301340,-1.409993,-0.069903,-0.275185,0.553927,-1.340268
-0.771694,2.799787,0.874707,-0.115761,-0.067351,0.977311,-0.164095,-0.120716,-0.161825,-0.552945,0.827020,-0.548289,-0.157012,-0.127845,-0.273678,1.270803,-0.217396,0.164816,0.593764,-0.467685,-1.396974,-0.004946,-0.287467,0.519052,-1.199964
-0.814291,2.791288,0.874352,-0.117427,-0.068084,0.973405,-0.184547,-0.146891,-0.156262,-0.492122,0.820423,-0.609204,-0.145340,-0.146473,-0.382269,1.340005,-0.304831,-0.017273,0.530865,-0.635026,-1.383201,0.098026,-0.317342,0.469040,-1.111326
-0.858137,2.780778,0.886771,-0.121312,-0.069017,0.970449,-0.196845,-0.135643,-0.138112,-0.408593,0.744283,-0.575550,-0.122596,-0.153213,-0.475871,1.309187,-0.363960,-0.148595,0.453326,-0.738319,-1.428487,0.210805,-0.351414,0.420136,-1.088335
-0.904022,2.769438,0.907041,-0.124517,-0.070725,0.969157,-0.200570,-0.110395,-0.110283,-0.312594,0.639669,-0.496973,-0.084104,-0.141925,-0.545450,1.196679,-0.393672,-0.245137,0.386659,-0.814066,-1.488724,0.312603,-0.383145,0.379046,-1.093246
-0.950311,2.757016,0.929834,-0.126354,-0.071689,0.968100,-0.204151,-0.079686,-0.085522,-0.230920,0.557964,-0.370070,-0.042246,-0.124731,-0.582380,1.015628,-0.413924,-0.306846,0.329855,-0.855197,-1.560140,0.402859,-0.408082,0.330511,-1.102926
-0.999520,2.740563,0.950267,-0.129791,-0.071993,0.966844,-0.207807,-0.069194,-0.071517,-0.153728,0.481243,-0.226674,-0.000482,-0.116640,-0.590649,0.785626,-0.416896,-0.340430,0.285666,-0.860225,-1.631245,0.469265,-0.425196,0.295346,-1.108834
-1.047483,2.724005,0.963267,-0.131647,-0.072044,0.965894,-0.211013,-0.063071,-0.060861,-0.101384,0.454955,-0.102006,0.028494,-0.111819,-0.585838,0.555797,-0.419039,-0.351879,0.258201,-0.848392,-1.690233,0.516781,-0.440764,0.267557,-1.118078
-1.095421,2.710525,0.966205,-0.130629,-0.073703,0.964586,-0.216972,-0.050520,-0.043042,-0.092544,0.527558,-0.032106,0.035815,-0.091713,-0.580911,0.384166,-0.426879,-0.348214,0.254883,-0.835534,-1.740447,0.540661,-0.451315,0.257852,-1.123633
-1.146700,2.696713,0.958562,-0.127118,-0.075694,0.961827,-0.230217,-0.047108,-0.021550,-0.107605,0.667631,-0.001196,0.032957,-0.066417,-0.574026,0.317181,-0.443801,-0.336438,0.266390,-0.828171,-1.764609,0.550231,-0.446969,0.245415,-1.131262
-1.197193,2.681854,0.939769,-0.118414,-0.076038,0.958732,-0.247041,-0.046247,-0.002830,-0.141465,0.855099,0.005012,0.017240,-0.048790,-0.566553,0.371723,-0.362979,-0.311829,0.287863,-0.812657,-1.748202,0.529137,-0.442161,0.252713,-1.133795
-1.244542,2.666529,0.914869,-0.109526,-0.073524,0.954132,-0.268759,-0.044351,0.009939,-0.200350,1.075554,-0.045557,0.001832,-0.046745,-0.592343,0.571373,-0.367938,-0.272145,0.312404,-0.788761,-1.703575,0.493499,-0.429674,0.257066,-1.150609
-1.287755,2.654538,0.894216,-0.115232,-0.072565,0.948081,-0.287398,-0.040363,0.019075,-0.314718,1.288805,-0.156952,-0.031446,-0.042286,-0.642669,0.762485,-0.469260,-0.215441,0.329551,-0.737936,-1.623506,0.378263,-0.429720,0.327215,-1.150109
-1.328109,2.636593,0.885822,-0.116592,-0.075392,0.942950,-0.302603,-0.034072,0.019887,-0.425146,1.421494,-0.226132,-0.029573,-0.029483,-0.605894,0.810550,-0.569551,-0.128333,0.358864,-0.670612,-1.542341,0.223638,-0.417178,0.432139,-1.144763
-1.368642,2.613961,0.890510,-0.110244,-0.078582,0.935882,-0.325262,-0.033457,0.016312,-0.504711,1.453167,-0.293548,-0.043682,-0.013513,-0.518022,0.784533,-0.604040,-0.021011,0.403896,-0.588831,-1.501786,0.084185,-0.373184,0.461328,-1.175912
-1.407349,2.589185,0.904991,-0.104548,-0.082132,0.924439,-0.357403,-0.024490,0.005144,-0.596552,1.425682,-0.249167,-0.074066,0.002444,-0.400540,0.689038,-0.579347,0.080654,0.459740,-0.544506,-1.485232,0.017104,-0.316476,0.409766,-1.309114
-1.443534,2.559117,0.926616,-0.101122,-0.083832,0.909364,-0.394720,-0.055001,-0.027563,-0.633402,1.296649,-0.311746,-0.111591,0.011215,-0.285636,0.585487,-0.478284,0.166239,0.512294,-0.509532,-1.488848,-0.024521,-0.288206,0.422993,-1.426303
-1.478795,2.525081,0.949657,-0.098115,-0.085592,0.895329,-0.425949,-0.077174,-0.060122,-0.640412,1.103324,-0.342964,-0.152631,0.014968,-0.185326,0.502476,-0.321719,0.246507,0.545814,-0.450092,-1.493296,-0.038960,-0.278409,0.441613,-1.521085
-1.513607,2.490378,0.968670,-0.093935,-0.088057,0.881714,-0.453874,-0.086345,-0.082836,-0.617751,0.873242,-0.348387,-0.190636,0.015559,-0.111951,0.462023,-0.164020,0.317702,0.560401,-0.344507,-1.521302,-0.050794,-0.272866,0.439542,-1.596977
-1.548164,2.453372,0.979284,-0.093072,-0.092471,0.869944,-0.475377,-0.080082,-0.101128,-0.575818,0.629678,-0.352699,-0.198383,0.014495,-0.067762,0.462956,-0.043805,0.355901,0.569929,-0.295311,-1.529883,-0.044572,-0.264235,0.450422,-1.637433
-1.582204,2.417689,0.979483,-0.089392,-0.094243,0.862136,-0.489743,-0.060003,-0.119337,-0.531760,0.452846,-0.365771,-0.187743,0.005260,-0.066221,0.557745,0.003704,0.383680,0.567487,-0.253981,-1.540668,-0.034910,-0.260615,0.468484,-1.644546
-1.616298,2.383528,0.968854,-0.086738,-0.096407,0.857310,-0.498199,-0.040742,-0.130955,-0.510027,0.396819,-0.394901,-0.153065,-0.004226,-0.100217,0.700185,0.078254,0.386634,0.558762,-0.228274,-1.551545,-0.026166,-0.258860,0.482625,-1.619809
-1.649519,2.347818,0.947581,-0.080866,-0.097178,0.853140,-0.506132,-0.043335,-0.128237,-0.489081,0.411902,-0.403211,-0.137350,-0.023093,-0.134945,0.853891,0.134159,0.369531,0.551783,-0.244241,-1.561235,-0.004633,-0.254002,0.486188,-1.560532
-1.680486,2.311398,0.917624,-0.074643,-0.097579,0.848927,-0.514032,-0.042164,-0.133242,-0.515353,0.571781,-0.371262,-0.137796,-0.054846,-0.174480,1.026780,0.058888,0.323429,0.541190,-0.298478,-1.558758,0.027338,-0.259822,0.469633,-1.463295
-1.708932,2.280937,0.891619,-0.078575,-0.106846,0.840136,-0.525911,-0.054198,-0.130688,-0.607555,0.812890,-0.455594,-0.136561,-0.071008,-0.285280,1.229619,-0.288281,0.208258,0.534740,-0.393485,-1.549320,0.054398,-0.257798,0.417099,-1.333094
-1.734514,2.246303,0.875551,-0.081078,-0.110508,0.829622,-0.541241,-0.057675,-0.129183,-0.591528,0.883946,-0.555488,-0.190787,-0.082631,-0.401964,1.376060,-0.624121,0.057369,0.506751,-0.520840,-1.552230,0.117988,-0.271654,0.384419,-1.206716
-1.757946,2.209591,0.875035,-0.081275,-0.112496,0.821175,-0.553544,-0.078315,-0.122176,-0.525139,0.867086,-0.593412,-0.159756,-0.084691,-0.496577,1.412791,-0.499368,-0.086129,0.452619,-0.637778,-1.572708,0.198196,-0.305484,0.358197,-1.136084
-1.783502,2.168040,0.888248,-0.075781,-0.111914,0.820784,-0.555020,-0.066124,-0.095918,-0.404033,0.766757,-0.587476,-0.121589,-0.074646,-0.557974,1.357688,-0.489281,-0.174873,0.397940,-0.711875,-1.627106,0.280244,-0.345871,0.355749,-1.125092
-1.805919,2.124548,0.909225,-0.072038,-0.108314,0.824132,-0.551258,-0.068688,-0.083055,-0.270025,0.621014,-0.521964,-0.084527,-0.062594,-0.592471,1.221541,-0.487727,-0.231412,0.349664,-0.767675,-1.701020,0.359504,-0.389452,0.351350,-1.150662
-1.829577,2.081251,0.932227,-0.071125,-0.106713,0.827307,-0.546915,-0.039463,-0.064776,-0.173432,0.525330,-0.387756,-0.048429,-0.040354,-0.606308,1.027615,-0.458711,-0.274970,0.314313,-0.804175,-1.765702,0.426848,-0.420876,0.333166,-1.179565
-1.851082,2.038041,0.952189,-0.072300,-0.106784,0.826741,-0.547602,-0.015329,-0.049367,-0.109676,0.472479,-0.235183,-0.024866,-0.023077,-0.602773,0.807139,-0.455511,-0.313868,0.290686,-0.841946,-1.817893,0.483627,-0.437437,0.306962,-1.207601
-1.872434,1.994164,0.964212,-0.075390,-0.108358,0.824605,-0.550093,0.006152,-0.036116,-0.086964,0.488462,-0.108639,-0.008461,-0.007424,-0.586565,0.600125,-0.454916,-0.347807,0.278872,-0.865788,-1.856526,0.522322,-0.448445,0.291702,-1.231116
-1.896061,1.948483,0.965976,-0.077054,-0.108311,0.819393,-0.557609,0.017186,-0.020717,-0.091982,0.579364,-0.035379,0.000164,0.007429,-0.564446,0.463633,-0.448382,-0.363835,0.273698,-0.877971,-1.875008,0.548658,-0.459159,0.285922,-1.260818
-1.920000,1.901847,0.956876,-0.076310,-0.105891,0.811891,-0.569031,0.022880,-0.005312,-0.123717,0.738384,-0.003591,-0.001819,0.016677,-0.538209,0.408526,-0.452476,-0.357452,0.274720,-0.875062,-1.872756,0.554425,-0.470521,0.292600,-1.282564
-1.942782,1.856219,0.937091,-0.074778,-0.103223,0.802567,-0.582786,0.029415,0.010023,-0.178953,0.937370,-0.013947,-0.011472,0.019257,-0.518858,0.428981,-0.377316,-0.340144,0.287112,-0.866455,-1.852796,0.537102,-0.476345,0.303227,-1.296712
-1.965751,1.816493,0.911229,-0.075443,-0.098792,0.791097,-0.598928,0.035649,0.025871,-0.262030,1.160447,-0.106950,0.003591,0.021152,-0.569892,0.653176,-0.497206,-0.314988,0.303183,-0.852010,-1.812996,0.498276,-0.477507,0.314232,-1.311630
-1.985321,1.778763,0.889440,-0.086253,-0.103600,0.781000,-0.609808,0.032220,0.030517,-0.386270,1.347369,-0.231589,-0.009035,0.025557,-0.607582,0.790181,-0.600241,-0.285796,0.326527,-0.810663,-1.746720,0.384174,-0.477890,0.359504,-1.324286
-2.001230,1.737138,0.879724,-0.091184,-0.108094,0.774474,-0.616596,0.026629,0.029265,-0.500933,1.447422,-0.289297,-0.014427,0.033483,-0.577902,0.829879,-0.674577,-0.205467,0.356966,-0.744488,-1.678899,0.228345,-0.470066,0.439642,-1.337981
-2.015479,1.692184,0.883659,-0.088552,-0.107885,0.765868,-0.627666,0.016743,0.025377,-0.580306,1.448020,-0.338210,-0.024919,0.039699,-0.488102,0.786872,-0.695684,-0.099491,0.393347,-0.665946,-1.652976,0.080325,-0.446594,0.513565,-1.397299
-2.027421,1.644590,0.898447,-0.084338,-0.107637,0.751294,-0.645647,-0.006645,0.011065,-0.628688,1.357930,-0.381392,-0.049558,0.044019,-0.365051,0.672826,-0.651773,0.005594,0.440576,-0.584102,-1.664731,-0.003376,-0.413643,0.536080,-1.487315
-2.037257,1.594356,0.919706,-0.081084,-0.107407,0.733692,-0.666022,-0.036421,-0.012748,-0.650422,1.202765,-0.397644,-0.070877,0.047654,-0.244964,0.554094,-0.537348,0.118118,0.496182,-0.502306,-1.675512,-0.043964,-0.382880,0.531442,-1.604655
-2.045165,1.541735,0.942075,-0.081115,-0.111366,0.717729,-0.682557,-0.058637,-0.030221,-0.655027,0.993015,-0.394888,-0.113389,0.048325,-0.153476,0.464960,-0.373370,0.216913,0.535992,-0.363370,-1.680928,-0.076194,-0.355697,0.517956,-1.703649
-2.052086,1.488676,0.959917,-0.080240,-0.112262,0.704638,-0.696020,-0.068865,-0.044266,-0.629943,0.754993,-0.377062,-0.149792,0.042779,-0.080214,0.412326,-0.219839,0.307758,0.564442,-0.289113,-1.702622,-0.088980,-0.333402,0.504418,-1.778279
-2.057911,1.434500,0.969288,-0.078285,-0.115175,0.696470,-0.703943,-0.067400,-0.049195,-0.588171,0.529711,-0.360377,-0.160258,0.038035,-0.036876,0.416228,-0.091643,0.378038,0.578105,-0.209363,-1.737033,-0.088786,-0.308452,0.493921,-1.828934
-2.063523,1.380335,0.968241,-0.073826,-0.115761,0.692887,-0.707854,-0.064406,-0.049995,-0.549204,0.398537,-0.359330,-0.154710,0.027426,-0.024102,0.493045,-0.005769,0.427396,0.583028,-0.150806,-1.767092,-0.073948,-0.284359,0.488617,-1.848996
-2.068727,1.326735,0.956544,-0.070364,-0.114189,0.692596,-0.708746,-0.065164,-0.048958,-0.528029,0.387652,-0.364059,-0.142493,0.008810,-0.039142,0.622645,0.043396,0.439600,0.576194,-0.120017,-1.788355,-0.048080,-0.270642,0.478557,-1.825436
-2.073236,1.272543,0.934696,-0.065287,-0.111571,0.692508,-0.709734,-0.070096,-0.045406,-0.515340,0.482330,-0.316832,-0.139900,-0.014585,-0.064650,0.779269,0.053544,0.408850,0.566381,-0.128039,-1.790228,-0.008864,-0.268685,0.461317,-1.770206
-2.078246,1.223188,0.907794,-0.061126,-0.111141,0.691849,-0.710814,-0.046495,-0.048788,-0.576967,0.727520,-0.443779,-0.136749,-0.033706,-0.118394,0.959595,-0.048962,0.337597,0.553954,-0.170411,-1.780859,0.041326,-0.275956,0.430062,-1.674687
-2.080857,1.175033,0.888116,-0.062702,-0.118188,0.686477,-0.714737,-0.039685,-0.044635,-0.575304,0.825653,-0.549576,-0.137408,-0.043118,-0.210693,1.125834,-0.178830,0.196759,0.537143,-0.257044,-1.778601,0.104635,-0.279703,0.387717,-1.573342
-2.083958,1.125871,0.883199,-0.062449,-0.119143,0.680652,-0.720152,-0.050439,-0.040380,-0.509829,0.829034,-0.607983,-0.129183,-0.043761,-0.308230,1.227728,-0.265584,0.032167,0.500846,-0.388473,-1.786683,0.195355,-0.297051,0.341633,-1.522706
-2.087227,1.074596,0.892348,-0.057555,-0.116490,0.687856,-0.714123,-0.043693,-0.025216,-0.401534,0.759928,-0.595246,-0.093880,-0.032830,-0.388664,1.238558,-0.321124,-0.087085,0.452574,-0.488774,-1.814188,0.286871,-0.328475,0.331672,-1.528844
-2.091003,1.021424,0.910759,-0.053155,-0.111944,0.698270,-0.705026,-0.038226,-0.012541,-0.274621,0.649048,-0.518127,-0.050654,-0.014639,-0.446771,1.164291,-0.367493,-0.166430,0.405212,-0.569013,-1.863867,0.364747,-0.364591,0.336509,-1.557105
-2.095308,0.966838,0.933199,-0.050797,-0.107273,0.707134,-0.697047,-0.027361,-0.001791,-0.161648,0.547790,-0.369264,-0.010043,0.005044,-0.482279,1.022637,-0.383518,-0.231909,0.364845,-0.643055,-1.911714,0.432385,-0.393484,0.332156,-1.579603
-2.099522,0.912902,0.953896,-0.050325,-0.104102,0.711510,-0.693097,-0.002601,0.009426,-0.079732,0.481786,-0.206587,0.016054,0.019488,-0.497611,0.831317,-0.388964,-0.283092,0.331421,-0.699634,-1.955863,0.486983,-0.407037,0.316916,-1.588230
-2.102546,0.859094,0.967737,-0.053181,-0.102211,0.713016,-0.691616,0.013424,0.013356,-0.034141,0.469019,-0.069153,0.022399,0.024143,-0.496456,0.620843,-0.397126,-0.324373,0.310650,-0.740614,-1.986952,0.525279,-0.413148,0.289053,-1.596586
-2.105966,0.805818,0.970803,-0.056531,-0.100371,0.709749,-0.694972,0.016375,0.017650,-0.031317,0.545069,0.008953,0.017553,0.029548,-0.492018,0.454340,-0.408789,-0.347464,0.298626,-0.768796,-2.015034,0.547174,-0.417958,0.267888,-1.595819
-2.111281,0.749481,0.963333,-0.059643,-0.100056,0.705021,-0.699555,0.010533,0.028794,-0.054155,0.676750,0.039936,0.018082,0.038516,-0.485145,0.367321,-0.407657,-0.355468,0.296895,-0.772909,-2.022785,0.544739,-0.421744,0.270818,-1.586400
-2.116834,0.694733,0.945031,-0.055804,-0.096457,0.695393,-0.709937,0.001187,0.047349,-0.087691,0.851925,0.017915,-0.000468,0.050681,-0.479673,0.383998,-0.348858,-0.339087,0.306477,-0.765709,-2.009776,0.520667,-0.425177,0.293696,-1.567420
-2.122367,0.643463,0.918725,-0.050710,-0.088889,0.682984,-0.723229,-0.007556,0.065762,-0.136442,1.047746,-0.081226,-0.005393,0.060108,-0.513295,0.608277,-0.446051,-0.301028,0.321887,-0.751649,-1.966478,0.476169,-0.433114,0.321143,-1.560955
-2.128212,0.595087,0.895089,-0.058164,-0.091443,0.673446,-0.731249,-0.008730,0.076759,-0.240255,1.231430,-0.193422,-0.009487,0.067328,-0.551575,0.775960,-0.558361,-0.253609,0.343668,-0.707249,-1.870219,0.353207,-0.445508,0.370950,-1.551284
-2.130016,0.547089,0.883106,-0.063362,-0.095357,0.665834,-0.737263,-0.009102,0.078683,-0.355219,1.351479,-0.269716,-0.021303,0.070966,-0.523341,0.826741,-0.642642,-0.167658,0.375576,-0.662860,-1.764378,0.191913,-0.441672,0.445217,-1.553073
-2.129710,0.497860,0.885333,-0.065354,-0.095730,0.656186,-0.745643,-0.014497,0.068989,-0.453955,1.377551,-0.326170,-0.036992,0.069949,-0.445146,0.795525,-0.666220,-0.053481,0.417462,-0.603327,-1.705653,0.027912,-0.429220,0.532226,-1.572743
-2.127560,0.446873,0.899469,-0.063795,-0.096377,0.642684,-0.757363,-0.025064,0.054956,-0.525405,1.312392,-0.367762,-0.057416,0.072744,-0.338477,0.705331,-0.621858,0.067924,0.468664,-0.543511,-1.696719,-0.101369,-0.411001,0.600938,-1.620494
-2.123462,0.393768,0.921678,-0.063093,-0.099270,0.625698,-0.771146,-0.043101,0.033171,-0.572494,1.171078,-0.392839,-0.081870,0.075702,-0.229185,0.592868,-0.499744,0.178074,0.518729,-0.487488,-1.705501,-0.183355,-0.387656,0.632242,-1.683279
-2.116865,0.340223,0.945557,-0.059351,-0.104173,0.608133,-0.784729,-0.064631,0.014920,-0.592171,0.974738,-0.394816,-0.122013,0.081817,-0.136081,0.501177,-0.334338,0.273315,0.565112,-0.430029,-1.710947,-0.224845,-0.357632,0.635402,-1.744614
-2.109206,0.287357,0.965240,-0.056402,-0.108321,0.592430,-0.796311,-0.080709,-0.001689,-0.586890,0.739798,-0.374124,-0.160709,0.083033,-0.069868,0.452337,-0.166058,0.349644,0.597160,-0.373378,-1.708404,-0.242882,-0.331107,0.632586,-1.793329
-2.102615,0.232772,0.976126,-0.056559,-0.110583,0.580667,-0.804611,-0.085952,-0.017560,-0.567851,0.515671,-0.361369,-0.177721,0.077987,-0.024247,0.442766,-0.038149,0.405522,0.613515,-0.322363,-1.710419,-0.248976,-0.315254,0.632135,-1.832539
-2.095258,0.178377,0.976416,-0.056813,-0.111259,0.575163,-0.808444,-0.088429,-0.030696,-0.545466,0.366437,-0.356922,-0.175527,0.065114,-0.016118,0.509016,0.047972,0.437580,0.619999,-0.285490,-1.711321,-0.246870,-0.303251,0.640018,-1.841257
-2.087566,0.123875,0.965949,-0.055638,-0.110303,0.574559,-0.809085,-0.085507,-0.039301,-0.532682,0.339667,-0.368954,-0.160891,0.050368,-0.033269,0.630063,0.092651,0.440203,0.619457,-0.272463,-1.707867,-0.229423,-0.291464,0.638563,-1.814598
-2.079330,0.066961,0.945193,-0.054293,-0.106758,0.577580,-0.807500,-0.092727,-0.036674,-0.514727,0.391957,-0.341404,-0.153056,0.026499,-0.058428,0.778177,0.080112,0.412778,0.611913,-0.288876,-1.694862,-0.196539,-0.290004,0.633101,-1.757845
-2.068570,0.015040,0.917498,-0.048260,-0.106620,0.579784,-0.806321,-0.102627,-0.040162,-0.558511,0.604096,-0.355438,-0.157655,0.000313,-0.109437,0.962569,-0.041887,0.355583,0.611017,-0.330116,-1.686050,-0.149736,-0.292912,0.616921,-1.680128
-2.060793,-0.031523,0.894366,-0.051867,-0.115790,0.577088,-0.806766,-0.095482,-0.044423,-0.614624,0.787992,-0.461056,-0.155287,-0.016503,-0.210666,1.132282,-0.190454,0.219254,0.601450,-0.419740,-1.671681,-0.090320,-0.303449,0.569623,-1.583578
-2.053013,-0.079523,0.884098,-0.053988,-0.117045,0.572152,-0.809956,-0.099930,-0.043958,-0.572317,0.829272,-0.553081,-0.145997,-0.031182,-0.315262,1.244552,-0.284695,0.045720,0.568779,-0.549576,-1.663191,0.012156,-0.325450,0.520638,-1.517675
-2.045114,-0.128174,0.888790,-0.051725,-0.113576,0.577025,-0.807135,-0.098257,-0.033316,-0.483301,0.796031,-0.573745,-0.119107,-0.039629,-0.404828,1.270124,-0.356311,-0.094383,0.508427,-0.645126,-1.672589,0.115599,-0.351336,0.485669,-1.487158
-2.037953,-0.178570,0.904367,-0.048929,-0.108774,0.589605,-0.798837,-0.078500,-0.017636,-0.368950,0.705846,-0.529765,-0.080802,-0.038762,-0.470357,1.206375,-0.384791,-0.186563,0.445518,-0.699641,-1.714212,0.209890,-0.383064,0.461626,-1.494451
-2.031626,-0.229031,0.925693,-0.048999,-0.105713,0.600771,-0.790884,-0.067975,-0.005510,-0.260511,0.603446,-0.426224,-0.046394,-0.036373,-0.517500,1.073217,-0.406405,-0.256082,0.387192,-0.739636,-1.769592,0.297942,-0.413588,0.428456,-1.514442
-2.025802,-0.279572,0.947365,-0.050544,-0.103574,0.609568,-0.784312,-0.045739,0.004539,-0.175518,0.527647,-0.285513,-0.020453,-0.035319,-0.541175,0.885905,-0.415085,-0.305686,0.341490,-0.765938,-1.818686,0.369704,-0.433254,0.386791,-1.517849
-2.021649,-0.331409,0.964525,-0.052798,-0.101626,0.613662,-0.781219,-0.012275,0.016654,-0.114466,0.491272,-0.153580,-0.008494,-0.037028,-0.535685,0.660047,-0.394978,-0.335925,0.308890,-0.779828,-1.861209,0.429707,-0.441855,0.342890,-1.516411
-2.015082,-0.383898,0.972758,-0.054525,-0.100614,0.614044,-0.780931,0.005647,0.025418,-0.072846,0.496237,-0.055812,0.001722,-0.044624,-0.521215,0.470059,-0.404503,-0.348046,0.289546,-0.783170,-1.895673,0.469050,-0.448303,0.309048,-1.518751
-2.009989,-0.436639,0.970477,-0.053647,-0.099543,0.611100,-0.783434,0.008259,0.039022,-0.067465,0.586264,-0.008519,0.022770,-0.052024,-0.511453,0.382125,-0.419211,-0.339887,0.284070,-0.775104,-1.912945,0.479263,-0.456194,0.295716,-1.515468
-2.006007,-0.492273,0.957372,-0.053282,-0.094930,0.603050,-0.790241,0.001944,0.051278,-0.085129,0.741519,-0.013193,0.010234,-0.056997,-0.499217,0.378155,-0.427883,-0.313056,0.282184,-0.761443,-1.909097,0.466926,-0.468630,0.290920,-1.513365
-2.001248,-0.543731,0.934323,-0.049226,-0.092067,0.590486,-0.800266,-0.006924,0.066674,-0.129855,0.937254,-0.045312,-0.021998,-0.056254,-0.507290,0.484700,-0.352316,-0.280370,0.297373,-0.749917,-1.877027,0.426649,-0.472546,0.299904,-1.512880
-2.001118,-0.592506,0.908788,-0.050160,-0.089377,0.573961,-0.812443,-0.015943,0.080074,-0.205328,1.148940,-0.148606,-0.043660,-0.049677,-0.559034,0.706236,-0.483732,-0.234199,0.315069,-0.721440,-1.823736,0.352882,-0.483698,0.318168,-1.526252
-1.994523,-0.636741,0.891860,-0.055064,-0.097124,0.565617,-0.817075,-0.016604,0.073808,-0.318986,1.313850,-0.228133,-0.060773,-0.044414,-0.568083,0.805729,-0.589330,-0.167781,0.347504,-0.663252,-1.761762,0.198587,-0.490887,0.387228,-1.528937
-1.985273,-0.681973,0.888885,-0.053873,-0.100745,0.556044,-0.823264,-0.016803,0.063007,-0.420537,1.391385,-0.275980,-0.063570,-0.030443,-0.511351,0.813703,-0.642257,-0.069267,0.394989,-0.608759,-1.719222,0.036175,-0.474395,0.469243,-1.535614
-1.971895,-0.727298,0.898422,-0.050489,-0.101451,0.540207,-0.833868,-0.022204,0.036913,-0.500304,1.370786,-0.324732,-0.087674,-0.021674,-0.406956,0.737551,-0.639148,0.041079,0.447239,-0.560852,-1.710459,-0.097923,-0.445014,0.535345,-1.575494
-1.955313,-0.774686,0.916250,-0.046996,-0.103369,0.514310,-0.850054,-0.041401,-0.000630,-0.549169,1.258657,-0.343594,-0.118252,-0.009134,-0.284328,0.616389,-0.566490,0.134795,0.502853,-0.526709,-1.727394,-0.177028,-0.416176,0.559904,-1.656331
-1.935965,-0.822272,0.937494,-0.042268,-0.107274,0.487876,-0.865264,-0.063403,-0.036582,-0.569552,1.077676,-0.349307,-0.151958,0.006341,-0.179351,0.515450,-0.426399,0.208631,0.554795,-0.488760,-1.748192,-0.226337,-0.387937,0.573976,-1.740015
-1.914737,-0.869772,0.956756,-0.036576,-0.109428,0.464542,-0.878002,-0.078172,-0.066807,-0.554656,0.840290,-0.360309,-0.190307,0.015367,-0.094845,0.452407,-0.265054,0.271659,0.587585,-0.444067,-1.754395,-0.250499,-0.364793,0.586831,-1.807619
-1.891627,-0.916922,0.969471,-0.032015,-0.110685,0.443731,-0.888722,-0.085954,-0.093631,-0.515134,0.581522,-0.354894,-0.217528,0.016441,-0.031821,0.427423,-0.119394,0.318269,0.603241,-0.403653,-1.762208,-0.247281,-0.345153,0.589556,-1.858310
-1.868537,-0.963988,0.972775,-0.027690,-0.111522,0.430406,-0.895291,-0.085494,-0.110077,-0.470230,0.375950,-0.349907,-0.217003,0.011172,-0.005823,0.475333,-0.014134,0.351700,0.604137,-0.363836,-1.769278,-0.231858,-0.324138,0.595368,-1.882071
-1.845100,-1.010516,0.965795,-0.024145,-0.112100,0.425790,-0.897526,-0.088046,-0.116840,-0.443033,0.294695,-0.359674,-0.193962,-0.003343,-0.021162,0.598038,0.059804,0.366299,0.586761,-0.333351,-1.772784,-0.210771,-0.306557,0.601308,-1.870984
-1.823461,-1.057008,0.948456,-0.020390,-0.110556,0.426288,-0.897574,-0.096155,-0.110743,-0.438475,0.346739,-0.362842,-0.172807,-0.023480,-0.053810,0.750026,0.117716,0.352969,0.563481,-0.329883,-1.770161,-0.175100,-0.296614,0.595317,-1.826654
-1.797565,-1.101284,0.922652,-0.012235,-0.112473,0.426568,-0.897351,-0.097719,-0.107345,-0.467931,0.516104,-0.341490,-0.170669,-0.050389,-0.101461,0.930593,0.106191,0.307429,0.553369,-0.351673,-1.768928,-0.127259,-0.291244,0.575035,-1.756736
-1.777104,-1.141820,0.898504,-0.011171,-0.121236,0.418130,-0.900191,-0.083493,-0.105936,-0.541514,0.737852,-0.453121,-0.169442,-0.067544,-0.192992,1.115571,-0.024467,0.194074,0.540336,-0.428400,-1.761509,-0.066809,-0.299943,0.526495,-1.655551
-1.753983,-1.180525,0.885019,-0.012571,-0.128704,0.410007,-0.902869,-0.071985,-0.099977,-0.525184,0.799290,-0.547608,-0.156357,-0.080155,-0.308291,1.263692,-0.160151,0.037474,0.510557,-0.527077,-1.755844,0.024732,-0.320644,0.479113,-1.579198
-1.727849,-1.218614,0.885091,-0.012235,-0.129510,0.406297,-0.904434,-0.085054,-0.095522,-0.458426,0.784960,-0.576310,-0.126317,-0.085012,-0.411094,1.326282,-0.256140,-0.101907,0.454679,-0.611444,-1.749150,0.133541,-0.355286,0.442425,-1.541239
-1.700454,-1.258911,0.897639,-0.011010,-0.126702,0.415904,-0.900472,-0.069195,-0.082061,-0.352471,0.698437,-0.543216,-0.074560,-0.076032,-0.490607,1.290955,-0.320294,-0.191058,0.402255,-0.660046,-1.778789,0.227777,-0.395922,0.431591,-1.536519
-1.671130,-1.299116,0.917377,-0.011241,-0.121916,0.431050,-0.893983,-0.050530,-0.074487,-0.239908,0.590386,-0.444789,-0.018983,-0.061942,-0.544559,1.178068,-0.359819,-0.244022,0.361398,-0.689371,-1.826469,0.308749,-0.439701,0.422664,-1.551823
-1.641280,-1.339515,0.939469,-0.013210,-0.119100,0.441290,-0.889328,-0.027217,-0.069211,-0.153183,0.511485,-0.293640,0.020935,-0.046105,-0.571436,0.999479,-0.376412,-0.285911,0.329397,-0.717539,-1.867224,0.383096,-0.470618,0.393308,-1.563991
-1.614817,-1.380188,0.958911,-0.016412,-0.118607,0.444156,-0.887912,0.004688,-0.057272,-0.111296,0.499027,-0.162426,0.037607,-0.029376,-0.567727,0.764798,-0.380823,-0.315126,0.309486,-0.745336,-1.900866,0.448669,-0.477849,0.344177,-1.564021
-1.583202,-1.423081,0.970562,-0.020428,-0.120161,0.443859,-0.887769,0.021893,-0.050611,-0.082393,0.512485,-0.041948,0.030035,-0.013366,-0.545518,0.536613,-0.393708,-0.331538,0.300555,-0.754651,-1.936677,0.489244,-0.482282,0.309630,-1.559575
-1.551633,-1.468267,0.972039,-0.020975,-0.118854,0.440147,-0.889778,0.031465,-0.035641,-0.076190,0.598147,0.033686,0.029547,0.010220,-0.513565,0.386555,-0.388082,-0.325675,0.298459,-0.756442,-1.963516,0.508571,-0.486508,0.292479,-1.559307
-1.520066,-1.513172,0.962653,-0.018296,-0.114782,0.434599,-0.893092,0.031947,-0.015939,-0.094218,0.744491,0.062875,0.023523,0.034206,-0.485583,0.344840,-0.419239,-0.297569,0.304567,-0.743927,-1.976544,0.495388,-0.488812,0.296503,-1.554964
-1.489085,-1.556918,0.943084,-0.014000,-0.107620,0.425029,-0.898650,0.033119,0.008165,-0.128586,0.927024,0.045858,0.002638,0.049822,-0.462790,0.400637,-0.329210,-0.257379,0.317027,-0.727823,-1.963575,0.454726,-0.488750,0.315828,-1.551982
-1.463377,-1.598989,0.919282,-0.011733,-0.100406,0.412289,-0.905427,0.038026,0.040555,-0.191544,1.131920,-0.054895,0.015460,0.059098,-0.503386,0.623384,-0.462738,-0.206855,0.333440,-0.701359,-1.922023,0.387627,-0.484825,0.338830,-1.561799
-1.436015,-1.635113,0.900516,-0.018099,-0.105280,0.403275,-0.908822,0.038169,0.049479,-0.304898,1.307224,-0.170566,-0.006661,0.054642,-0.520311,0.745870,-0.570866,-0.144090,0.348065,-0.649256,-1.853831,0.244726,-0.482772,0.396518,-1.570231
-1.405683,-1.670247,0.893202,-0.019919,-0.108306,0.394163,-0.912419,0.036261,0.052146,-0.415813,1.407329,-0.251475,-0.014175,0.054525,-0.475587,0.770890,-0.639743,-0.048550,0.378768,-0.589255,-1.804924,0.079318,-0.456791,0.471720,-1.577721
-1.373471,-1.705218,0.898137,-0.016834,-0.107677,0.376502,-0.919983,0.022747,0.050589,-0.502058,1.413054,-0.304074,-0.039294,0.056711,-0.388695,0.728438,-0.647183,0.061313,0.423197,-0.537684,-1.793822,-0.056015,-0.416270,0.537734,-1.610476
-1.337206,-1.740446,0.913210,-0.011889,-0.106642,0.348329,-0.931211,-0.005192,0.035457,-0.557156,1.326553,-0.349275,-0.073458,0.061597,-0.266726,0.616407,-0.592416,0.160425,0.469615,-0.500432,-1.799838,-0.135312,-0.380389,0.571338,-1.681749
-1.297170,-1.775716,0.934104,-0.005227,-0.104535,0.317592,-0.942433,-0.036840,0.011928,-0.575025,1.162442,-0.362193,-0.110615,0.068858,-0.142605,0.499864,-0.462768,0.248456,0.516724,-0.461577,-1.817587,-0.177282,-0.348644,0.590202,-1.760519
-1.255565,-1.809109,0.954724,0.001523,-0.104167,0.291133,-0.950993,-0.056040,-0.013203,-0.568333,0.946129,-0.366799,-0.155723,0.070587,-0.049006,0.428203,-0.297756,0.326749,0.543996,-0.406992,-1.825391,-0.201332,-0.324607,0.602684,-1.829526
-1.213275,-1.841874,0.970211,0.007181,-0.103284,0.269427,-0.957439,-0.063271,-0.035277,-0.533078,0.708416,-0.361424,-0.183086,0.067579,0.012027,0.409497,-0.139288,0.387809,0.548582,-0.352300,-1.826077,-0.204577,-0.306676,0.608176,-1.881802
-1.169483,-1.874620,0.977072,0.010525,-0.104367,0.257034,-0.960693,-0.054009,-0.054858,-0.489286,0.503809,-0.349377,-0.187621,0.054887,0.029086,0.464199,-0.018154,0.423575,0.539653,-0.299974,-1.836635,-0.196586,-0.291695,0.614121,-1.907713
-1.125785,-1.907755,0.973510,0.012630,-0.104568,0.253196,-0.961664,-0.047247,-0.066876,-0.453053,0.395875,-0.364061,-0.176540,0.032601,0.010474,0.583727,0.076879,0.434765,0.520732,-0.262058,-1.846298,-0.178641,-0.282734,0.617378,-1.899153
-1.081720,-1.940696,0.959033,0.013941,-0.103781,0.253330,-0.961696,-0.050603,-0.070255,-0.427342,0.379340,-0.351472,-0.159943,0.004414,-0.024086,0.729062,0.137726,0.409313,0.498977,-0.250651,-1.844063,-0.146105,-0.283653,0.607334,-1.858373
-1.038853,-1.970675,0.934829,0.015242,-0.101424,0.251487,-0.962411,-0.062268,-0.077672,-0.427847,0.488090,-0.328216,-0.156263,-0.034337,-0.080278,0.916947,0.072656,0.352008,0.485102,-0.270874,-1.844164,-0.098515,-0.299922,0.578722,-1.783668
-0.998823,-1.994609,0.910441,0.016011,-0.107131,0.250039,-0.962157,-0.093050,-0.092505,-0.490525,0.695180,-0.422565,-0.146579,-0.070782,-0.177464,1.112179,-0.094470,0.242867,0.476033,-0.316624,-1.838506,-0.050583,-0.321093,0.542508,-1.665109
-0.963056,-2.020466,0.897088,0.015992,-0.117878,0.239745,-0.963520,-0.083681,-0.089024,-0.487898,0.766139,-0.515177,-0.132397,-0.079120,-0.303832,1.251471,-0.215869,0.069881,0.469005,-0.410587,-1.830972,0.032312,-0.337420,0.482602,-1.571710
-0.924207,-2.044235,0.897247,0.016792,-0.120585,0.229908,-0.965567,-0.102365,-0.087812,-0.419814,0.742536,-0.544505,-0.111858,-0.087178,-0.413297,1.300002,-0.290332,-0.100355,0.441653,-0.520000,-1.830167,0.140148,-0.366714,0.431784,-1.535960
-0.883353,-2.069783,0.909637,0.018902,-0.118407,0.233910,-0.964836,-0.088940,-0.073383,-0.319083,0.660926,-0.508098,-0.071441,-0.083658,-0.484692,1.234764,-0.334007,-0.214698,0.405995,-0.590111,-1.856949,0.231917,-0.403717,0.418353,-1.535379
-0.840780,-2.095677,0.928943,0.018481,-0.117359,0.242156,-0.962936,-0.070851,-0.060020,-0.215163,0.557033,-0.429719,-0.030998,-0.076383,-0.529454,1.083823,-0.354683,-0.297260,0.375212,-0.645316,-1.898208,0.307837,-0.439655,0.405481,-1.545250
-0.795609,-2.122297,0.949950,0.017514,-0.118189,0.246179,-0.961832,-0.050346,-0.048723,-0.127698,0.470930,-0.298737,0.000295,-0.067268,-0.535672,0.856370,-0.368275,-0.349508,0.347915,-0.685368,-1.948398,0.376326,-0.459975,0.377136,-1.547328
-0.752206,-2.146832,0.966261,0.016173,-0.119193,0.243926,-0.962305,-0.029937,-0.042082,-0.064539,0.424474,-0.157140,0.009099,-0.063584,-0.526253,0.603103,-0.374835,-0.367747,0.324313,-0.707269,-1.992842,0.442084,-0.468106,0.336017,-1.544812
-0.707390,-2.172905,0.974072,0.014717,-0.121762,0.237253,-0.963675,-0.004072,-0.031074,-0.043134,0.459643,-0.059748,0.003260,-0.056611,-0.503890,0.379345,-0.381815,-0.366728,0.306749,-0.716110,-2.025683,0.485774,-0.474126,0.297967,-1.540653
-0.663233,-2.199825,0.971673,0.015347,-0.124070,0.224685,-0.966379,0.002614,-0.014573,-0.067746,0.592538,-0.018251,0.028696,-0.053908,-0.489585,0.284583,-0.405175,-0.351413,0.300188,-0.716549,-2.040362,0.502561,-0.477885,0.266525,-1.536391
-0.616793,-2.228029,0.958373,0.019054,-0.121608,0.206189,-0.970739,-0.000816,0.005267,-0.108834,0.779595,-0.008867,0.014097,-0.041772,-0.470645,0.292548,-0.408898,-0.318900,0.303322,-0.708265,-2.025653,0.492816,-0.481418,0.239576,-1.536037
-0.570969,-2.254480,0.935386,0.022987,-0.114998,0.180742,-0.976514,-0.001866,0.025159,-0.160892,0.992499,-0.052258,-0.018883,-0.041206,-0.461560,0.396661,-0.329436,-0.277705,0.314176,-0.697983,-1.979194,0.465267,-0.489248,0.235967,-1.541344
-0.531449,-2.280010,0.912243,0.021915,-0.110465,0.154146,-0.981609,-0.003048,0.041081,-0.243448,1.208878,-0.186106,-0.052930,-0.044071,-0.522815,0.647967,-0.459995,-0.223059,0.324874,-0.666696,-1.903745,0.395082,-0.510214,0.258727,-1.555758
-0.492313,-2.297600,0.898295,0.020704,-0.118718,0.132900,-0.983776,-0.007362,0.036825,-0.366662,1.361427,-0.265412,-0.077805,-0.044154,-0.517358,0.726095,-0.559251,-0.147107,0.340926,-0.607374,-1.842557,0.239714,-0.526431,0.325855,-1.560352
-0.447738,-2.313156,0.899316,0.023366,-0.120471,0.111879,-0.986116,-0.013962,0.028478,-0.466118,1.408089,-0.304516,-0.074163,-0.033783,-0.439980,0.704651,-0.595051,-0.034148,0.373171,-0.539901,-1.815686,0.060705,-0.521344,0.429498,-1.560915
-0.398406,-2.323001,0.911520,0.025748,-0.118724,0.083300,-0.989092,-0.031829,0.000615,-0.533987,1.347983,-0.348475,-0.103604,-0.031437,-0.318788,0.609563,-0.561387,0.082308,0.408990,-0.481793,-1.820930,-0.084495,-0.499399,0.518312,-1.599812
-0.345088,-2.330660,0.930755,0.031116,-0.121382,0.046234,-0.991040,-0.058715,-0.025159,-0.568185,1.195724,-0.366418,-0.138423,-0.018054,-0.200362,0.494880,-0.451331,0.169802,0.453793,-0.430716,-1.841860,-0.172861,-0.464716,0.556235,-1.682003
-0.292475,-2.334501,0.951386,0.036587,-0.119611,0.009246,-0.992103,-0.088001,-0.050949,-0.564778,0.980411,-0.371177,-0.181233,-0.011014,-0.106354,0.424967,-0.287741,0.245274,0.493629,-0.383475,-1.854979,-0.219735,-0.431364,0.574788,-1.764582
-0.239673,-2.336967,0.968382,0.042852,-0.116279,-0.023275,-0.992019,-0.107174,-0.067914,-0.529888,0.719190,-0.367569,-0.216670,-0.007555,-0.033683,0.393586,-0.122338,0.309568,0.519545,-0.337433,-1.860641,-0.247731,-0.399719,0.583163,-1.833053
-0.186152,-2.338944,0.977240,0.047329,-0.112034,-0.049256,-0.991354,-0.103898,-0.081468,-0.478567,0.467114,-0.365041,-0.225135,-0.011875,0.010206,0.421272,-0.002425,0.356595,0.529400,-0.297097,-1.862239,-0.253475,-0.371028,0.582373,-1.881119
-0.132879,-2.341081,0.975929,0.051040,-0.107512,-0.069590,-0.990451,-0.091872,-0.092812,-0.438350,0.316299,-0.363867,-0.213534,-0.021689,0.013801,0.522372,0.089460,0.376464,0.530431,-0.274883,-1.863227,-0.237821,-0.347272,0.576706,-1.908301
-0.079019,-2.343472,0.963965,0.053379,-0.104783,-0.080927,-0.989759,-0.077006,-0.099131,-0.422963,0.301623,-0.383909,-0.190461,-0.038549,-0.014068,0.667191,0.166959,0.369571,0.518456,-0.266743,-1.858439,-0.219100,-0.332911,0.569278,-1.908678
-0.025243,-2.344971,0.941753,0.056166,-0.101414,-0.088854,-0.989275,-0.074343,-0.095786,-0.421182,0.391420,-0.335952,-0.178642,-0.064444,-0.054673,0.832173,0.194989,0.336320,0.506462,-0.283376,-1.851675,-0.190236,-0.330118,0.551487,-1.880325
0.023327,-2.343096,0.913328,0.061906,-0.098385,-0.096112,-0.988560,-0.068704,-0.103122,-0.483662,0.628761,-0.408091,-0.172960,-0.095912,-0.118169,1.019206,0.096062,0.272015,0.501010,-0.325422,-1.840500,-0.149815,-0.333158,0.532251,-1.803976
0.067543,-2.342180,0.890877,0.069478,-0.106153,-0.109632,-0.985842,-0.066284,-0.095990,-0.520460,0.780854,-0.514442,-0.160320,-0.104290,-0.225271,1.189026,-0.068112,0.136471,0.496369,-0.408636,-1.813781,-0.083146,-0.337090,0.488592,-1.703593
0.114667,-2.339291,0.881760,0.075450,-0.111037,-0.125647,-0.982950,-0.084878,-0.084507,-0.478681,0.809011,-0.587981,-0.139462,-0.097715,-0.339374,1.292564,-0.186826,-0.012863,0.466791,-0.503648,-1.807858,0.023981,-0.353709,0.447086,-1.633072
0.164124,-2.334257,0.886477,0.079294,-0.109475,-0.130247,-0.982224,-0.088476,-0.066230,-0.389073,0.762581,-0.600118,-0.102161,-0.082192,-0.435650,1.304135,-0.273291,-0.126450,0.419593,-0.570970,-1.818659,0.132255,-0.379646,0.434952,-1.592937
0.216012,-2.328009,0.901952,0.080257,-0.104258,-0.123341,-0.983604,-0.074378,-0.047432,-0.271608,0.661591,-0.545879,-0.052353,-0.058445,-0.499694,1.221211,-0.351047,-0.193907,0.378243,-0.613417,-1.857124,0.232039,-0.411307,0.441112,-1.582031
0.268668,-2.321177,0.922942,0.079768,-0.101552,-0.117838,-0.984601,-0.056925,-0.026487,-0.163485,0.559465,-0.440510,-0.005920,-0.031060,-0.542994,1.073425,-0.368124,-0.242230,0.343312,-0.653845,-1.901123,0.324688,-0.439959,0.430186,-1.582115
0.320638,-2.313008,0.944038,0.080434,-0.101122,-0.117468,-0.984635,-0.028388,-0.005070,-0.087214,0.496029,-0.285337,0.025907,-0.008530,-0.564166,0.877131,-0.385191,-0.279001,0.323316,-0.696803,-1.943323,0.412051,-0.446365,0.395201,-1.573711
0.372988,-2.303310,0.959971,0.081064,-0.104821,-0.121408,-0.983718,0.000734,0.013376,-0.047259,0.479336,-0.130097,0.038821,0.004826,-0.566287,0.653576,-0.397746,-0.308969,0.315584,-0.732244,-1.979491,0.478087,-0.437064,0.344807,-1.560803
0.427912,-2.292305,0.966635,0.080742,-0.107457,-0.129921,-0.982372,0.014166,0.029501,-0.029374,0.520282,-0.020705,0.045398,0.014536,-0.549019,0.459635,-0.407223,-0.319612,0.311805,-0.749201,-2.003081,0.518774,-0.433196,0.297524,-1.559498
0.484159,-2.281178,0.962958,0.080541,-0.106158,-0.143044,-0.980705,0.009960,0.046153,-0.037133,0.635594,0.039325,0.059635,0.019841,-0.530012,0.368338,-0.441707,-0.307494,0.311711,-0.752663,-2.016255,0.528801,-0.443183,0.276380,-1.565970
0.540683,-2.269289,0.948350,0.079208,-0.101144,-0.161119,-0.978538,-0.005221,0.058414,-0.063671,0.803189,0.044757,0.036633,0.028683,-0.507215,0.362640,-0.441522,-0.281672,0.315465,-0.744426,-2.005214,0.509442,-0.461960,0.272980,-1.573126
0.596023,-2.257793,0.924452,0.076605,-0.093657,-0.183658,-0.975515,-0.011802,0.073319,-0.106557,1.003111,-0.023174,0.013401,0.028896,-0.507837,0.500779,-0.394058,-0.246884,0.324924,-0.730116,-1.969959,0.464498,-0.485187,0.277220,-1.586893
0.646132,-2.249271,0.900082,0.070932,-0.093175,-0.207524,-0.971195,-0.020125,0.082489,-0.189561,1.207028,-0.147080,-0.008527,0.026613,-0.558451,0.726534,-0.504972,-0.205073,0.330684,-0.702732,-1.903637,0.370190,-0.514704,0.294202,-1.594009
0.691270,-2.236465,0.884023,0.070437,-0.101237,-0.224828,-0.966562,-0.024006,0.078851,-0.311837,1.361634,-0.238890,-0.032824,0.025542,-0.549011,0.807807,-0.613978,-0.142321,0.350321,-0.657751,-1.850525,0.200473,-0.529676,0.354021,-1.588837
0.736816,-2.219400,0.881152,0.070489,-0.103119,-0.245560,-0.961300,-0.034786,0.064947,-0.418869,1.425019,-0.318751,-0.039759,0.029751,-0.490276,0.821329,-0.660329,-0.051361,0.386619,-0.608755,-1.830463,0.030485,-0.519351,0.422242,-1.607396
0.784549,-2.198810,0.890409,0.070857,-0.099745,-0.273182,-0.954150,-0.049973,0.044757,-0.493827,1.386868,-0.370147,-0.061995,0.036784,-0.379430,0.750685,-0.647479,0.049870,0.430992,-0.564822,-1.840106,-0.108276,-0.495280,0.489386,-1.655356
0.831177,-2.174195,0.907494,0.072446,-0.097628,-0.306525,-0.944067,-0.074331,0.010085,-0.547149,1.268314,-0.407111,-0.086317,0.044480,-0.265887,0.657867,-0.569242,0.132561,0.476258,-0.528691,-1.856106,-0.187959,-0.462411,0.519164,-1.728082
0.878560,-2.146387,0.928373,0.075220,-0.093927,-0.340915,-0.932361,-0.098994,-0.024271,-0.566804,1.083931,-0.415036,-0.125262,0.051436,-0.158189,0.571215,-0.423486,0.204565,0.510879,-0.489980,-1.869191,-0.223629,-0.427417,0.530406,-1.803102
0.925891,-2.115139,0.947204,0.079373,-0.090225,-0.371369,-0.920676,-0.111183,-0.053713,-0.553849,0.845460,-0.416118,-0.172017,0.055759,-0.067016,0.507407,-0.254703,0.267357,0.528525,-0.446546,-1.875839,-0.238121,-0.392764,0.531486,-1.862980
0.971947,-2.084965,0.958539,0.082482,-0.087324,-0.395971,-0.910373,-0.104501,-0.081044,-0.525366,0.603854,-0.401671,-0.194006,0.057733,-0.005869,0.491024,-0.107987,0.315674,0.531730,-0.404788,-1.887856,-0.234764,-0.363102,0.537760,-1.904741
1.018826,-2.053525,0.959998,0.085902,-0.086729,-0.412684,-0.902657,-0.087264,-0.106083,-0.493441,0.421703,-0.391091,-0.189744,0.053716,0.011877,0.545687,0.011740,0.340241,0.524081,-0.370719,-1.905753,-0.226043,-0.337475,0.551937,-1.922717
1.065130,-2.022462,0.950483,0.086926,-0.086205,-0.422427,-0.898091,-0.076011,-0.126484,-0.479275,0.368665,-0.390375,-0.172573,0.037496,-0.008609,0.665955,0.105681,0.341759,0.505946,-0.343336,-1.918088,-0.210493,-0.320567,0.565477,-1.905304
1.111949,-1.989302,0.930650,0.087137,-0.085098,-0.427033,-0.895996,-0.094863,-0.127120,-0.469869,0.403192,-0.289363,-0.163968,0.007155,-0.041538,0.816034,0.118652,0.316103,0.483032,-0.342410,-1.916304,-0.191439,-0.316056,0.573582,-1.850034
1.153074,-1.956755,0.904295,0.086320,-0.081372,-0.432457,-0.893817,-0.121020,-0.145857,-0.504377,0.605560,-0.367071,-0.171547,-0.041497,-0.098599,1.006454,-0.007735,0.265881,0.463419,-0.373404,-1.906161,-0.157480,-0.323702,0.569490,-1.749686
1.189692,-1.927942,0.886024,0.092374,-0.088034,-0.439009,-0.889375,-0.135017,-0.150750,-0.533406,0.748510,-0.457562,-0.176099,-0.077771,-0.214382,1.186701,-0.151050,0.141190,0.451916,-0.438238,-1.881644,-0.112504,-0.328542,0.540542,-1.629563
1.226406,-1.896781,0.881055,0.093610,-0.091529,-0.449373,-0.883699,-0.144625,-0.146328,-0.481972,0.764786,-0.523560,-0.170544,-0.103796,-0.332682,1.290951,-0.260191,-0.000733,0.427384,-0.529675,-1.864832,-0.016683,-0.346493,0.496651,-1.559714
1.261511,-1.863164,0.888956,0.093090,-0.091306,-0.450444,-0.883231,-0.137460,-0.133600,-0.396019,0.714071,-0.521548,-0.138105,-0.117062,-0.433353,1.292298,-0.329118,-0.110068,0.392034,-0.595382,-1.875891,0.088732,-0.377250,0.471781,-1.554570
1.296345,-1.827732,0.906681,0.090404,-0.090539,-0.441800,-0.887943,-0.118572,-0.118648,-0.291010,0.611868,-0.453739,-0.085769,-0.119112,-0.501753,1.186918,-0.363923,-0.181978,0.357079,-0.636433,-1.915305,0.181913,-0.413999,0.458965,-1.569494
1.331630,-1.791112,0.928691,0.087303,-0.091719,-0.435918,-0.891034,-0.096478,-0.106232,-0.196055,0.515145,-0.330051,-0.035188,-0.112545,-0.536475,0.996591,-0.375153,-0.241655,0.327462,-0.678322,-1.953956,0.270033,-0.442301,0.428508,-1.580169
1.371925,-1.748617,0.951128,0.086608,-0.096544,-0.437626,-0.889754,-0.066802,-0.091068,-0.123627,0.448783,-0.189141,-0.002415,-0.104828,-0.514889,0.721910,-0.393272,-0.299602,0.304467,-0.721021,-1.990124,0.352244,-0.451911,0.375902,-1.587476
1.407946,-1.709171,0.965897,0.086941,-0.100990,-0.443574,-0.886276,-0.041763,-0.077684,-0.084326,0.441785,-0.059521,0.005114,-0.098661,-0.501430,0.475125,-0.399309,-0.336027,0.290510,-0.749654,-2.022283,0.419388,-0.451125,0.327350,-1.583563
1.443235,-1.669963,0.970504,0.087835,-0.102840,-0.452849,-0.881270,-0.024326,-0.062608,-0.077423,0.511430,0.039638,0.004532,-0.086144,-0.490085,0.310590,-0.390904,-0.345174,0.287321,-0.761969,-2.054633,0.463858,-0.450200,0.294009,-1.582443
1.478362,-1.629885,0.964849,0.087401,-0.100181,-0.466185,-0.874640,-0.020797,-0.048478,-0.099700,0.654484,0.102411,0.001977,-0.073281,-0.482691,0.273349,-0.424937,-0.329465,0.292574,-0.756839,-2.070356,0.481912,-0.454665,0.283531,-1.587233
1.514361,-1.588317,0.948427,0.085427,-0.092804,-0.483372,-0.866280,-0.024437,-0.032169,-0.134366,0.833653,0.128959,-0.024689,-0.054680,-0.465383,0.308561,-0.439134,-0.285514,0.305549,-0.732049,-2.059268,0.468927,-0.461606,0.291232,-1.592648
1.549260,-1.550967,0.923080,0.082176,-0.084210,-0.503838,-0.855747,-0.018263,-0.008630,-0.196311,1.055825,0.065716,-0.031478,-0.050656,-0.470601,0.452287,-0.406450,-0.226627,0.325759,-0.696425,-2.014000,0.427446,-0.467215,0.303111,-1.607866
1.585072,-1.518379,0.899247,0.080533,-0.085018,-0.523042,-0.844224,-0.015108,0.016361,-0.299580,1.270521,-0.053627,-0.031907,-0.043667,-0.522666,0.672957,-0.523735,-0.161739,0.346808,-0.642517,-1.926641,0.318383,-0.482043,0.339113,-1.615216
1.612670,-1.481498,0.885752,0.083190,-0.089301,-0.533193,-0.837144,-0.012762,0.015624,-0.420064,1.410767,-0.155843,-0.054467,-0.037860,-0.502325,0.736411,-0.619086,-0.060267,0.370405,-0.556391,-1.830750,0.134277,-0.492714,0.417283,-1.625112
1.639075,-1.438372,0.887503,0.082918,-0.086892,-0.543299,-0.830904,-0.010128,0.006772,-0.510162,1.445397,-0.232090,-0.061256,-0.028511,-0.408556,0.697091,-0.649219,0.072977,0.412637,-0.472750,-1.793992,-0.053329,-0.478170,0.497574,-1.652211
1.661882,-1.393781,0.900426,0.082836,-0.080410,-0.563414,-0.818069,-0.024792,-0.012362,-0.571220,1.385849,-0.282740,-0.083358,-0.017523,-0.283262,0.593164,-0.606487,0.197214,0.469703,-0.425444,-1.801115,-0.172335,-0.450384,0.527090,-1.732986
1.682877,-1.344093,0.920293,0.084235,-0.075512,-0.590404,-0.799141,-0.057080,-0.041065,-0.599155,1.241609,-0.311502,-0.109559,-0.007075,-0.161968,0.485787,-0.485206,0.294061,0.530870,-0.401117,-1.837019,-0.236538,-0.424952,0.511370,-1.845531
1.701962,-1.292090,0.941964,0.085796,-0.072205,-0.611983,-0.782881,-0.082523,-0.066518,-0.598966,1.037723,-0.326293,-0.146027,-0.004239,-0.070836,0.419365,-0.304609,0.369843,0.569519,-0.367760,-1.862113,-0.280150,-0.405284,0.497892,-1.936527
1.720025,-1.238484,0.959754,0.086706,-0.069364,-0.627100,-0.770984,-0.097112,-0.081066,-0.569407,0.792732,-0.333352,-0.172701,-0.007620,-0.001979,0.386870,-0.129635,0.425584,0.577014,-0.328036,-1.871181,-0.295451,-0.383480,0.481902,-1.999862
1.737398,-1.183792,0.968956,0.089094,-0.066937,-0.637962,-0.761962,-0.099054,-0.088478,-0.522411,0.554457,-0.336173,-0.183077,-0.013862,0.034563,0.411341,0.003376,0.457613,0.569864,-0.293240,-1.879610,-0.283795,-0.357025,0.468462,-2.028549
1.756308,-1.130023,0.967798,0.092336,-0.063575,-0.642095,-0.758384,-0.087814,-0.085903,-0.478918,0.395881,-0.355201,-0.170302,-0.019015,0.030525,0.511389,0.089261,0.461747,0.559155,-0.280667,-1.890322,-0.251523,-0.326155,0.468252,-2.023199
1.774909,-1.076392,0.955611,0.094742,-0.060549,-0.642912,-0.757642,-0.075659,-0.081798,-0.453683,0.357578,-0.365079,-0.148731,-0.027535,0.003315,0.650385,0.140959,0.431595,0.539903,-0.288713,-1.887564,-0.210007,-0.305740,0.468655,-1.978935
1.792253,-1.022539,0.932737,0.095331,-0.057257,-0.641445,-0.759067,-0.066478,-0.075845,-0.438538,0.416432,-0.292960,-0.136587,-0.048674,-0.040987,0.824586,0.092698,0.372417,0.518532,-0.320185,-1.872357,-0.160619,-0.301287,0.466799,-1.897641
1.805198,-0.972906,0.904437,0.097304,-0.053248,-0.640340,-0.760041,-0.063783,-0.085186,-0.492920,0.646166,-0.403700,-0.128950,-0.074522,-0.108077,1.016538,-0.048699,0.283065,0.501302,-0.376878,-1.864995,-0.103067,-0.309448,0.462302,-1.774825
1.818426,-0.928433,0.885704,0.106210,-0.057300,-0.644281,-0.755208,-0.045731,-0.078580,-0.515790,0.771739,-0.502755,-0.112878,-0.075498,-0.218018,1.178346,-0.166700,0.120250,0.484960,-0.467109,-1.864785,-0.021900,-0.320287,0.427205,-1.671578
1.831897,-0.880902,0.882408,0.109547,-0.058664,-0.651022,-0.748818,-0.050932,-0.070879,-0.452947,0.768764,-0.557821,-0.089605,-0.066106,-0.327249,1.264804,-0.249850,-0.062739,0.446642,-0.574397,-1.860205,0.096443,-0.331869,0.386665,-1.617380
1.844578,-0.829742,0.894165,0.108195,-0.055828,-0.646949,-0.752751,-0.042118,-0.057015,-0.345225,0.690323,-0.530004,-0.043784,-0.049164,-0.405316,1.245048,-0.319394,-0.194233,0.399719,-0.641002,-1.875547,0.201138,-0.344550,0.370492,-1.594704
1.857037,-0.776065,0.915841,0.102214,-0.052906,-0.635329,-0.763617,-0.022005,-0.046819,-0.219604,0.574513,-0.436161,0.013810,-0.030767,-0.450455,1.137958,-0.351135,-0.268868,0.356145,-0.673637,-1.914388,0.287936,-0.374769,0.373937,-1.599565
1.870202,-0.718375,0.941305,0.096474,-0.051771,-0.625658,-0.772376,0.008348,-0.036645,-0.111609,0.476505,-0.282940,0.063294,-0.015149,-0.455768,0.949714,-0.374407,-0.323854,0.324685,-0.696675,-1.958454,0.368263,-0.400423,0.365210,-1.612615
1.883660,-0.658051,0.964402,0.092137,-0.053949,-0.623507,-0.774493,0.046320,-0.027587,-0.035799,0.417877,-0.092289,0.089044,-0.010016,-0.430648,0.707030,-0.383850,-0.367249,0.299126,-0.721834,-2.003610,0.444997,-0.411317,0.335640,-1.619619
1.895110,-0.601069,0.978152,0.092293,-0.060996,-0.627422,-0.770781,0.064741,-0.017462,-0.007037,0.425664,0.049389,0.080542,-0.010642,-0.415788,0.473596,-0.401844,-0.403544,0.279549,-0.742887,-2.048952,0.502932,-0.410868,0.299084,-1.622465
1.904908,-0.548001,0.980166,0.090541,-0.062621,-0.634917,-0.764697,0.057505,-0.007661,-0.005008,0.508633,0.133992,0.065990,-0.003213,-0.410731,0.328565,-0.407552,-0.418384,0.270246,-0.755717,-2.086660,0.541147,-0.415713,0.283883,-1.625839
1.915449,-0.493777,0.971367,0.086554,-0.059873,-0.646736,-0.755418,0.034862,0.005151,-0.025424,0.653873,0.148977,0.041216,0.009189,-0.403304,0.285292,-0.444044,-0.406805,0.266810,-0.749124,-2.112810,0.551932,-0.422589,0.284581,-1.628307
1.926536,-0.439144,0.951893,0.083053,-0.056025,-0.659729,-0.744796,0.018602,0.022687,-0.068374,0.838336,0.091190,-0.004908,0.025497,-0.399163,0.313437,-0.449335,-0.370545,0.275636,-0.726405,-2.118298,0.525317,-0.430114,0.300211,-1.628659
1.938639,-0.388326,0.923402,0.078943,-0.052464,-0.673781,-0.732826,0.014039,0.047425,-0.133671,1.042401,-0.021603,-0.010891,0.029185,-0.437852,0.513203,-0.431905,-0.318389,0.296379,-0.696176,-2.093576,0.474993,-0.435215,0.318661,-1.641164
1.952487,-0.340620,0.895792,0.078198,-0.055968,-0.687148,-0.720125,0.000415,0.064118,-0.230892,1.231536,-0.155042,-0.017948,0.034758,-0.494378,0.729096,-0.546184,-0.256149,0.321912,-0.666798,-2.021107,0.373191,-0.441542,0.358032,-1.649992
1.960431,-0.294614,0.880351,0.085092,-0.063781,-0.692837,-0.713210,0.000236,0.067402,-0.357884,1.350223,-0.227750,-0.038596,0.037830,-0.486455,0.798014,-0.640296,-0.166457,0.349893,-0.614824,-1.937836,0.186977,-0.446952,0.453910,-1.648842
1.966661,-0.244673,0.880665,0.090148,-0.063200,-0.698884,-0.706711,-0.001685,0.066702,-0.457478,1.365092,-0.303082,-0.050003,0.049791,-0.412635,0.774094,-0.670797,-0.038947,0.385291,-0.548241,-1.888097,0.015241,-0.417107,0.552467,-1.664827
1.971070,-0.191594,0.894266,0.095466,-0.057797,-0.713323,-0.691893,-0.016395,0.058267,-0.520914,1.277651,-0.349762,-0.077179,0.065568,-0.300804,0.683109,-0.624716,0.087907,0.419203,-0.490598,-1.871459,-0.107404,-0.383471,0.625489,-1.720678
1.973354,-0.134944,0.916264,0.101110,-0.050167,-0.731012,-0.672965,-0.038450,0.041881,-0.544241,1.107062,-0.365710,-0.103697,0.082299,-0.189111,0.586644,-0.495555,0.189504,0.458129,-0.442868,-1.878020,-0.184789,-0.350104,0.669657,-1.787212
1.974115,-0.078500,0.939412,0.102655,-0.042702,-0.749646,-0.652433,-0.062589,0.018175,-0.539300,0.889782,-0.377269,-0.146714,0.087261,-0.089712,0.511565,-0.324689,0.267070,0.488173,-0.404269,-1.887381,-0.219393,-0.327999,0.687911,-1.847603
1.972714,-0.018656,0.957892,0.103015,-0.038157,-0.767517,-0.631545,-0.083990,-0.011414,-0.504651,0.636447,-0.361477,-0.192958,0.082846,-0.007643,0.461807,-0.145160,0.322951,0.508449,-0.376577,-1.902501,-0.230417,-0.314826,0.680288,-1.898772
1.972254,0.039108,0.966520,0.103641,-0.032951,-0.780689,-0.615384,-0.085394,-0.035391,-0.473803,0.424648,-0.348658,-0.208880,0.079490,0.040887,0.472754,-0.004148,0.358512,0.529648,-0.357324,-1.921617,-0.227473,-0.301160,0.667025,-1.935634
1.971694,0.097692,0.964449,0.105285,-0.030541,-0.786361,-0.607963,-0.075508,-0.056975,-0.452792,0.304280,-0.349976,-0.188711,0.071162,0.039839,0.561422,0.093472,0.376706,0.540031,-0.338947,-1.942800,-0.222185,-0.287008,0.658803,-1.949183
1.970623,0.155599,0.951479,0.105946,-0.029646,-0.787566,-0.606330,-0.069100,-0.073234,-0.451814,0.304855,-0.366184,-0.161038,0.053805,0.007204,0.705576,0.119499,0.366256,0.537670,-0.338428,-1.946576,-0.211975,-0.277410,0.651629,-1.933208
1.967454,0.213188,0.928355,0.105417,-0.028073,-0.787538,-0.606533,-0.087441,-0.078377,-0.463043,0.413191,-0.297919,-0.155614,0.016980,-0.032596,0.873675,0.041677,0.328724,0.530284,-0.363696,-1.937394,-0.191396,-0.277075,0.632238,-1.888064
1.962564,0.265863,0.900229,0.108982,-0.026011,-0.785531,-0.608595,-0.107536,-0.085334,-0.538983,0.666218,-0.369722,-0.149647,-0.023135,-0.100859,1.056742,-0.101893,0.257783,0.523613,-0.403283,-1.921843,-0.161384,-0.279854,0.606861,-1.813596
1.958942,0.314264,0.879302,0.117294,-0.029475,-0.788994,-0.602381,-0.096944,-0.085983,-0.561951,0.802046,-0.487635,-0.147589,-0.049607,-0.213197,1.227476,-0.232425,0.111155,0.515514,-0.493528,-1.905862,-0.093582,-0.296693,0.553413,-1.753630
1.954363,0.365156,0.874092,0.121382,-0.029527,-0.793451,-0.595676,-0.095485,-0.072563,-0.505086,0.815905,-0.562546,-0.130984,-0.057993,-0.327060,1.323590,-0.296400,-0.049472,0.483824,-0.588197,-1.897919,0.018708,-0.319140,0.499555,-1.730537
1.948839,0.418115,0.884042,0.120165,-0.026132,-0.791161,-0.599118,-0.081160,-0.050497,-0.401159,0.751055,-0.567995,-0.089938,-0.052016,-0.414749,1.316430,-0.356548,-0.172225,0.428961,-0.644157,-1.898138,0.127741,-0.347351,0.476663,-1.725083
1.943535,0.473167,0.904545,0.116021,-0.020562,-0.784623,-0.608673,-0.065093,-0.027428,-0.269461,0.635203,-0.498945,-0.038474,-0.032353,-0.472684,1.220984,-0.374109,-0.245549,0.374785,-0.675354,-1.923051,0.227279,-0.379757,0.469269,-1.733258
1.936882,0.528502,0.928846,0.112728,-0.018065,-0.777930,-0.617893,-0.049257,-0.011532,-0.160719,0.541648,-0.359122,0.010311,-0.014916,-0.506019,1.052867,-0.392592,-0.303411,0.329754,-0.695243,-1.951449,0.308029,-0.409858,0.456058,-1.740409
1.929423,0.583676,0.951601,0.109382,-0.016410,-0.776224,-0.620680,-0.019262,0.003649,-0.084409,0.491658,-0.186881,0.040667,-0.006668,-0.508397,0.826513,-0.397027,-0.348949,0.296340,-0.720222,-1.985979,0.382076,-0.425960,0.427168,-1.737174
1.920225,0.638283,0.966980,0.108337,-0.017024,-0.777779,-0.618897,0.001292,0.014456,-0.041979,0.490795,-0.048881,0.047242,-0.008060,-0.493352,0.576612,-0.395412,-0.375898,0.275480,-0.739558,-2.021146,0.438319,-0.431132,0.393150,-1.731376
1.911414,0.696148,0.971762,0.107592,-0.016458,-0.780996,-0.614979,0.018200,0.030161,-0.024850,0.553811,0.032047,0.043901,-0.001514,-0.466649,0.369328,-0.414227,-0.379960,0.271337,-0.739874,-2.049028,0.472269,-0.435064,0.369125,-1.733400
1.903628,0.754396,0.965668,0.106193,-0.014992,-0.787020,-0.607534,0.013611,0.043973,-0.038641,0.688361,0.046355,0.038194,0.008436,-0.453045,0.288177,-0.444058,-0.368081,0.273983,-0.728023,-2.061590,0.476453,-0.441698,0.355212,-1.741635
1.895010,0.812490,0.947994,0.101550,-0.010867,-0.795735,-0.596971,-0.000698,0.052756,-0.064137,0.861642,0.008260,0.003115,0.022796,-0.447203,0.317593,-0.440756,-0.335165,0.284485,-0.706803,-2.047153,0.448057,-0.447010,0.359137,-1.738989
1.886734,0.866845,0.920782,0.096883,-0.008560,-0.805687,-0.584303,-0.009098,0.060799,-0.118364,1.065303,-0.088301,-0.016302,0.020928,-0.472038,0.480271,-0.365155,-0.290002,0.300912,-0.675363,-2.011337,0.384883,-0.450912,0.375225,-1.734157
1.882394,0.918287,0.893294,0.097040,-0.014755,-0.817325,-0.567755,-0.018365,0.070084,-0.210790,1.260056,-0.196191,-0.037889,0.020710,-0.551111,0.732020,-0.483524,-0.243452,0.316660,-0.646491,-1.940160,0.273680,-0.458769,0.405125,-1.733698
1.872254,0.964906,0.874894,0.100689,-0.019941,-0.826544,-0.553434,-0.026225,0.064085,-0.323676,1.396225,-0.271672,-0.052223,0.018933,-0.543768,0.826831,-0.602804,-0.162537,0.343510,-0.613656,-1.864416,0.112163,-0.457677,0.472921,-1.741555
1.857630,1.011896,0.871969,0.099941,-0.019980,-0.836389,-0.538578,-0.032762,0.050231,-0.421799,1.438167,-0.325028,-0.058303,0.021105,-0.477002,0.837205,-0.658090,-0.046471,0.385040,-0.567363,-1.832387,-0.055856,-0.438000,0.554851,-1.752765
1.839235,1.057713,0.882525,0.100182,-0.018169,-0.850688,-0.515717,-0.046264,0.026051,-0.501040,1.383204,-0.370012,-0.082946,0.025304,-0.373048,0.767584,-0.649289,0.068873,0.427879,-0.522646,-1.835757,-0.186235,-0.414464,0.623018,-1.786349
1.817881,1.104830,0.902450,0.101576,-0.014502,-0.868094,-0.485681,-0.068462,-0.001935,-0.548170,1.245575,-0.386623,-0.107924,0.035456,-0.258943,0.669092,-0.559795,0.163645,0.472802,-0.482747,-1.853048,-0.268686,-0.387030,0.645786,-1.845702
1.792805,1.151719,0.926490,0.102880,-0.009711,-0.884007,-0.455909,-0.091035,-0.031030,-0.560868,1.041170,-0.389306,-0.142006,0.040458,-0.160466,0.590477,-0.400124,0.240800,0.509236,-0.440331,-1.868069,-0.314692,-0.364876,0.657833,-1.908271
1.765120,1.198848,0.948434,0.103726,-0.004146,-0.898443,-0.426643,-0.104866,-0.057032,-0.540099,0.792388,-0.374883,-0.189931,0.038648,-0.078196,0.536308,-0.216409,0.300351,0.532551,-0.403739,-1.873619,-0.316162,-0.348437,0.635197,-1.945313
1.737682,1.246914,0.962678,0.104160,0.001888,-0.909891,-0.401553,-0.098877,-0.075885,-0.497051,0.545372,-0.355584,-0.214417,0.037953,-0.016203,0.517994,-0.049998,0.343891,0.546568,-0.369160,-1.884315,-0.299280,-0.332197,0.623474,-1.975556
1.710228,1.296107,0.966278,0.104264,0.005904,-0.917627,-0.383478,-0.080066,-0.094980,-0.456737,0.371351,-0.353830,-0.209116,0.031906,0.008054,0.567221,0.071909,0.373122,0.548748,-0.337486,-1.900834,-0.279900,-0.321039,0.616042,-1.986576
1.682728,1.344173,0.958840,0.104044,0.009089,-0.920305,-0.377003,-0.064065,-0.106331,-0.434972,0.314780,-0.375702,-0.177658,0.021400,-0.005952,0.678238,0.132888,0.386666,0.536816,-0.306783,-1.912928,-0.260638,-0.308021,0.620251,-1.971452
1.655647,1.390808,0.940793,0.103516,0.012573,-0.922908,-0.370630,-0.069225,-0.104722,-0.430125,0.367171,-0.364427,-0.161106,0.000950,-0.042311,0.833740,0.091873,0.369395,0.526684,-0.308784,-1.915763,-0.230581,-0.300158,0.610422,-1.933425
1.626606,1.434103,0.914556,0.102943,0.015418,-0.923513,-0.369174,-0.080896,-0.111708,-0.471110,0.560781,-0.353403,-0.154954,-0.040668,-0.094384,1.004640,-0.038194,0.324564,0.512885,-0.330442,-1.904790,-0.193616,-0.303357,0.601684,-1.866972
1.600090,1.471726,0.889906,0.111025,0.015723,-0.926592,-0.358962,-0.097227,-0.119313,-0.535396,0.764916,-0.447153,-0.152781,-0.074988,-0.186483,1.166222,-0.164138,0.209305,0.504511,-0.404111,-1.870494,-0.143512,-0.314285,0.566926,-1.770905
1.573792,1.508820,0.876001,0.117175,0.014981,-0.931803,-0.343202,-0.107930,-0.118249,-0.515679,0.830584,-0.547911,-0.147710,-0.094966,-0.291409,1.273376,-0.262626,0.048458,0.484332,-0.510392,-1.848623,-0.046634,-0.335252,0.519461,-1.697175
1.545430,1.545612,0.876328,0.119356,0.015718,-0.936562,-0.329179,-0.119775,-0.107951,-0.453683,0.826611,-0.585581,-0.128863,-0.099494,-0.386963,1.299942,-0.345820,-0.100532,0.436141,-0.603638,-1.846246,0.066135,-0.365401,0.482551,-1.669623
1.515646,1.581866,0.888751,0.117884,0.016786,-0.937328,-0.327471,-0.110774,-0.087561,-0.356450,0.750139,-0.570344,-0.096099,-0.096695,-0.465608,1.246918,-0.385282,-0.198121,0.382908,-0.659719,-1.873492,0.164970,-0.397097,0.466706,-1.664956
1.482795,1.620040,0.909671,0.115603,0.018001,-0.936128,-0.331625,-0.091188,-0.062212,-0.240119,0.630968,-0.491046,-0.055439,-0.079942,-0.508428,1.107945,-0.410886,-0.263158,0.339208,-0.694756,-1.903781,0.251655,-0.425575,0.450733,-1.670800
1.449418,1.656658,0.932979,0.111996,0.018228,-0.935302,-0.335165,-0.068732,-0.041194,-0.133515,0.523135,-0.358490,-0.018971,-0.065357,-0.527575,0.918983,-0.422368,-0.300269,0.309754,-0.724504,-1.933561,0.329101,-0.444651,0.428904,-1.665873
1.415987,1.691772,0.952982,0.112184,0.016955,-0.935859,-0.333610,-0.046089,-0.023128,-0.064917,0.464251,-0.214379,0.003782,-0.056737,-0.530997,0.695248,-0.416094,-0.328770,0.292019,-0.752009,-1.965680,0.394062,-0.452490,0.392082,-1.656483
1.379555,1.727766,0.966853,0.060503,-0.043616,-0.963938,-0.255461,-0.127058,-0.138033,0.046467,0.448812,-0.079591,-0.077207,-0.214339,-0.451962,0.487301,-0.399562,-0.287086,0.080307,-0.888476,-1.987715,0.619158,-0.535574,0.152853,-1.665700
1.344754,1.764924,0.968720,0.064637,-0.043087,-0.966687,-0.243889,-0.117718,-0.113170,0.039134,0.536609,-0.016581,-0.075550,-0.197954,-0.446881,0.362153,-0.411176,-0.289639,0.086023,-0.904015,-2.005271,0.641693,-0.526800,0.126632,-1.661242
1.309534,1.803366,0.959624,0.068759,-0.039766,-0.970187,-0.228970,-0.116349,-0.085797,-0.000986,0.697440,-0.004313,-0.082104,-0.175367,-0.448661,0.343008,-0.459868,-0.282686,0.104178,-0.900670,-2.005147,0.633056,-0.528172,0.120355,-1.659548
1.272916,1.841244,0.939970,0.065738,-0.041360,-0.975819,-0.204318,-0.123526,-0.075908,-0.051645,0.896985,-0.041739,-0.113559,-0.175243,-0.441293,0.399618,-0.354388,-0.259105,0.110366,-0.891274,-1.983339,0.613573,-0.547180,0.110837,-1.656400
1.241714,1.879396,0.915584,0.073236,-0.029054,-0.978140,-0.192445,-0.109928,-0.030005,-0.138367,1.116246,-0.157820,-0.114094,-0.140513,-0.510684,0.633968,-0.441115,-0.236113,0.164818,-0.845065,-1.932948,0.525716,-0.556969,0.164807,-1.646332
1.211053,1.909832,0.893793,0.091661,-0.018225,-0.977347,-0.189893,-0.092565,-0.000414,-0.267393,1.304512,-0.266026,-0.123858,-0.100265,-0.567904,0.797881,-0.553059,-0.190526,0.228203,-0.770101,-1.868531,0.363006,-0.570789,0.268617,-1.628603
1.177561,1.939407,0.882809,0.101169,-0.015612,-0.979405,-0.174031,-0.089721,0.000862,-0.383425,1.412788,-0.325444,-0.111264,-0.074307,-0.543657,0.849090,-0.638702,-0.115614,0.276899,-0.714989,-1.826396,0.198661,-0.586179,0.361319,-1.631732
1.141055,1.965682,0.884068,0.104600,-0.010336,-0.982195,-0.155710,-0.085992,-0.006913,-0.475110,1.425665,-0.382210,-0.117506,-0.047780,-0.475865,0.835661,-0.669097,-0.019133,0.338826,-0.661111,-1.815296,0.030584,-0.578042,0.478943,-1.648226
1.101845,1.989162,0.896278,0.104895,-0.006133,-0.986166,-0.128201,-0.091725,-0.032970,-0.534686,1.342635,-0.421414,-0.145050,-0.027235,-0.368356,0.746362,-0.649163,0.079299,0.393212,-0.608857,-1.819732,-0.105401,-0.560205,0.571821,-1.695645
1.059587,2.011075,0.915608,0.105647,0.000694,-0.989704,-0.096560,-0.102009,-0.059566,-0.560892,1.182787,-0.431100,-0.164784,-0.000910,-0.253487,0.637094,-0.561680,0.166541,0.446086,-0.550279,-1.838630,-0.184766,-0.530665,0.612211,-1.772256
1.014386,2.030040,0.936925,0.105699,0.009224,-0.992136,-0.066392,-0.110059,-0.083681,-0.550903,0.963851,-0.430937,-0.197918,0.018951,-0.153045,0.551064,-0.420391,0.241835,0.488889,-0.480867,-1.853089,-0.221624,-0.491723,0.607837,-1.843849
0.967502,2.047577,0.955129,0.104523,0.018883,-0.993575,-0.039071,-0.105079,-0.101046,-0.509553,0.707804,-0.413682,-0.232782,0.034585,-0.068803,0.495997,-0.265941,0.307487,0.520727,-0.406634,-1.862312,-0.231087,-0.446932,0.598947,-1.896539
0.920423,2.065327,0.965705,0.102276,0.023293,-0.994393,-0.013437,-0.095484,-0.122818,-0.454157,0.474175,-0.387902,-0.250842,0.037588,-0.011185,0.487857,-0.141802,0.358006,0.533771,-0.347445,-1.875804,-0.225528,-0.413385,0.584735,-1.938435
0.872088,2.081311,0.966455,0.101947,0.029471,-0.994352,0.001663,-0.091412,-0.134721,-0.412591,0.340167,-0.377856,-0.240858,0.032307,0.005549,0.554468,-0.035300,0.389403,0.540322,-0.292747,-1.886864,-0.216101,-0.374354,0.574382,-1.957440
0.824854,2.098325,0.956658,0.098220,0.029526,-0.994587,0.016696,-0.101450,-0.145411,-0.386177,0.320632,-0.375790,-0.226796,0.009234,-0.005538,0.673116,0.058232,0.392110,0.535370,-0.276642,-1.893227,-0.194964,-0.354800,0.563254,-1.951257
0.778474,2.115375,0.936869,0.096595,0.030524,-0.994621,0.021588,-0.115691,-0.139312,-0.382078,0.393377,-0.316805,-0.209902,-0.021347,-0.035297,0.811428,0.128839,0.372848,0.520310,-0.271501,-1.888880,-0.177705,-0.337390,0.562092,-1.918063
0.736554,2.129449,0.912321,0.094807,0.035672,-0.994547,0.024826,-0.105323,-0.140635,-0.451877,0.635450,-0.427120,-0.198886,-0.054431,-0.086307,0.981096,0.058725,0.326359,0.515368,-0.304443,-1.879464,-0.153036,-0.323848,0.554707,-1.846837
0.697343,2.142216,0.894731,0.104037,0.039881,-0.993260,0.031955,-0.099384,-0.129204,-0.481181,0.759944,-0.520437,-0.189251,-0.081249,-0.182701,1.139182,-0.101205,0.203618,0.506405,-0.379879,-1.837581,-0.106854,-0.307893,0.523952,-1.721357
0.656166,2.153474,0.889565,0.109415,0.043972,-0.992048,0.043987,-0.121827,-0.111509,-0.436301,0.767304,-0.583304,-0.180973,-0.097560,-0.288977,1.242619,-0.212235,0.049126,0.474960,-0.487915,-1.794783,-0.017084,-0.303273,0.462085,-1.582749
0.612692,2.162639,0.896530,0.109482,0.046936,-0.991729,0.047803,-0.125994,-0.087963,-0.355769,0.712962,-0.584298,-0.161465,-0.108268,-0.374991,1.256631,-0.289014,-0.075305,0.417620,-0.569987,-1.789187,0.096899,-0.320273,0.416136,-1.538258
0.567612,2.171246,0.911956,0.107683,0.048893,-0.992065,0.042671,-0.118330,-0.062778,-0.250081,0.604636,-0.534190,-0.129492,-0.109730,-0.435444,1.180896,-0.333981,-0.166841,0.361710,-0.628575,-1.825489,0.214585,-0.357792,0.386217,-1.562011
0.522074,2.180011,0.931400,0.106663,0.051269,-0.992426,0.032948,-0.097322,-0.035385,-0.155220,0.504137,-0.427770,-0.088375,-0.096620,-0.473967,1.038034,-0.351144,-0.239252,0.318484,-0.676983,-1.873114,0.318529,-0.396562,0.363131,-1.592584
0.477002,2.188900,0.950593,0.108986,0.054207,-0.992067,0.031400,-0.068471,-0.005568,-0.089363,0.440847,-0.299875,-0.055356,-0.077028,-0.497732,0.852336,-0.368877,-0.309463,0.283881,-0.735048,-1.913357,0.413672,-0.420702,0.322834,-1.611585
0.431497,2.196925,0.965389,0.113772,0.056448,-0.991423,0.030830,-0.042455,0.017337,-0.053371,0.420499,-0.175523,-0.028573,-0.060800,-0.503746,0.639591,-0.378706,-0.370522,0.265710,-0.777053,-1.953449,0.487714,-0.431978,0.287946,-1.617405
0.384158,2.205461,0.972286,0.115938,0.058242,-0.990989,0.033276,-0.026966,0.036994,-0.036441,0.455584,-0.084351,-0.009473,-0.043714,-0.492573,0.449230,-0.385912,-0.399893,0.259088,-0.798653,-1.985965,0.534591,-0.438743,0.263996,-1.614572
0.334662,2.214772,0.969980,0.116842,0.059761,-0.990679,0.036493,-0.011810,0.058197,-0.044466,0.556440,-0.035390,0.008530,-0.025555,-0.482529,0.342668,-0.414404,-0.398566,0.262498,-0.794490,-2.008938,0.541860,-0.449439,0.258397,-1.609453
0.283414,2.224056,0.957614,0.113190,0.060911,-0.990712,0.044355,-0.010716,0.077699,-0.064790,0.708150,-0.008300,0.001762,-0.002816,-0.471868,0.329605,-0.415371,-0.370749,0.273955,-0.773400,-2.020092,0.516081,-0.462461,0.269144,-1.600639
0.234094,2.232074,0.935504,0.108012,0.061081,-0.990654,0.056634,-0.015176,0.094106,-0.104018,0.898340,-0.000714,-0.016661,0.008465,-0.485306,0.454687,-0.373971,-0.331297,0.292174,-0.738648,-2.005575,0.467206,-0.469167,0.278360,-1.595269
0.188641,2.242268,0.910867,0.103757,0.058123,-0.990257,0.072436,-0.018873,0.110246,-0.168569,1.108859,-0.072522,-0.027012,0.018693,-0.540015,0.683530,-0.492704,-0.272403,0.308954,-0.700224,-1.950549,0.388670,-0.478091,0.294837,-1.593545
0.146986,2.246555,0.892031,0.068796,0.063160,-0.993145,0.070290,0.000884,0.130090,-0.195776,1.297381,-0.195045,-0.026568,0.045087,-0.468232,0.791879,-0.598078,-0.101761,0.365843,-0.627873,-1.884020,0.302250,-0.477974,0.403639,-1.602485
0.104014,2.247052,0.887093,0.062676,0.075984,-0.991577,0.084104,0.001905,0.151233,-0.285155,1.403660,-0.273666,-0.025571,0.080928,-0.404863,0.808686,-0.654630,0.007166,0.426046,-0.579996,-1.830539,0.159942,-0.421960,0.469344,-1.609869
0.059629,2.243644,0.895393,0.068678,0.075862,-0.988695,0.109596,-0.011732,0.132011,-0.380330,1.406108,-0.335251,-0.047091,0.084112,-0.324966,0.744503,-0.650776,0.100160,0.461741,-0.534959,-1.833916,0.002912,-0.389275,0.527024,-1.633839
0.013510,2.236775,0.913261,0.073208,0.075579,-0.983707,0.145769,-0.033555,0.100133,-0.457563,1.328606,-0.356007,-0.085787,0.084896,-0.224094,0.639470,-0.583962,0.187169,0.495311,-0.485731,-1.859560,-0.098236,-0.370665,0.562653,-1.701950
-0.032772,2.224934,0.936461,0.078989,0.075371,-0.976558,0.185513,-0.071472,0.053255,-0.495715,1.164190,-0.387961,-0.128670,0.083749,-0.127181,0.525517,-0.440923,0.248115,0.527309,-0.445209,-1.887281,-0.154185,-0.360424,0.573784,-1.784602
-0.080034,2.209867,0.958575,0.084736,0.076249,-0.968815,0.220006,-0.100717,0.008713,-0.500891,0.937077,-0.384672,-0.181348,0.078552,-0.050308,0.445216,-0.270441,0.301977,0.544065,-0.392453,-1.907757,-0.186906,-0.347318,0.580796,-1.848586
-0.126286,2.194448,0.974220,0.085442,0.078345,-0.961502,0.249151,-0.116482,-0.024728,-0.478755,0.688273,-0.379465,-0.220636,0.072308,0.008165,0.412798,-0.125665,0.344602,0.556000,-0.339565,-1.914469,-0.198529,-0.334255,0.581269,-1.897514
-0.172923,2.178868,0.980167,0.088511,0.079173,-0.955465,0.270157,-0.112164,-0.056541,-0.449820,0.463614,-0.370389,-0.242778,0.053242,0.027469,0.449309,-0.000612,0.369328,0.552771,-0.294651,-1.921342,-0.200082,-0.320383,0.583785,-1.930339
-0.220458,2.163873,0.975574,0.089960,0.077860,-0.951642,0.283235,-0.096364,-0.086019,-0.426705,0.339552,-0.364643,-0.234339,0.026804,0.017421,0.544490,0.099697,0.376222,0.535275,-0.269613,-1.919483,-0.194690,-0.310294,0.585890,-1.939508
-0.267365,2.149708,0.959786,0.089494,0.077492,-0.949978,0.289010,-0.078760,-0.103301,-0.424282,0.341895,-0.369567,-0.203375,0.002400,-0.009737,0.673968,0.144701,0.366292,0.511851,-0.257095,-1.914678,-0.182465,-0.300226,0.586793,-1.918828
-0.314298,2.134956,0.933953,0.085821,0.079081,-0.949387,0.291626,-0.070984,-0.104799,-0.428863,0.431738,-0.301302,-0.184766,-0.028802,-0.041551,0.826535,0.114252,0.329961,0.495937,-0.275431,-1.902662,-0.154862,-0.296515,0.580926,-1.872203
-0.353938,2.118711,0.905590,0.086140,0.084494,-0.947214,0.297029,-0.108442,-0.111479,-0.510236,0.678563,-0.421831,-0.182438,-0.066277,-0.110862,1.009021,-0.016564,0.250988,0.489053,-0.331374,-1.885178,-0.122354,-0.296358,0.563037,-1.787203
-0.392451,2.103696,0.888361,0.092196,0.089356,-0.942087,0.309818,-0.094659,-0.107614,-0.521036,0.780708,-0.522840,-0.173835,-0.084983,-0.210191,1.158834,-0.169364,0.106749,0.478321,-0.433647,-1.851618,-0.050993,-0.304250,0.513788,-1.721085
-0.429298,2.086485,0.887222,0.095709,0.090744,-0.938975,0.317697,-0.083347,-0.095687,-0.473761,0.782978,-0.571051,-0.141605,-0.088869,-0.328495,1.251471,-0.237851,-0.032697,0.442348,-0.524070,-1.840068,0.042423,-0.325608,0.476029,-1.685809
-0.466634,2.062711,0.898736,0.093179,0.089171,-0.942099,0.309540,-0.069057,-0.082624,-0.366563,0.681935,-0.549864,-0.136407,-0.116991,-0.446200,1.279459,-0.254329,-0.117422,0.397188,-0.580253,-1.847805,0.131732,-0.360121,0.471274,-1.677631
-0.506159,2.042753,0.921378,0.096026,0.085687,-0.947314,0.293313,-0.048916,-0.069903,-0.265142,0.558515,-0.469759,-0.078586,-0.102535,-0.513337,1.163403,-0.303905,-0.169893,0.355968,-0.607801,-1.890172,0.196133,-0.410117,0.469437,-1.689009
-0.545653,2.022735,0.946801,0.100076,0.084443,-0.949382,0.285531,-0.023994,-0.054170,-0.187610,0.465331,-0.328654,-0.033944,-0.077416,-0.550108,0.978476,-0.320997,-0.212594,0.326598,-0.644464,-1.929324,0.266229,-0.446299,0.435918,-1.693162
-0.584159,2.000618,0.969374,0.102152,0.084804,-0.948326,0.288187,-0.000379,-0.040196,-0.135003,0.422634,-0.173998,-0.017794,-0.057026,-0.555664,0.760309,-0.354022,-0.238975,0.313163,-0.695527,-1.960337,0.339624,-0.461815,0.383792,-1.678485
-0.625236,1.977101,0.985751,0.104102,0.087715,-0.946323,0.293157,0.030461,-0.022428,-0.118023,0.442151,-0.022566,-0.015192,-0.031739,-0.525751,0.522349,-0.371689,-0.255344,0.323650,-0.721204,-1.980001,0.400147,-0.457968,0.337245,-1.663032
-0.669210,1.952363,0.992099,0.101269,0.090087,-0.942116,0.306671,0.037591,0.002426,-0.120513,0.532538,0.073996,-0.030519,0.000178,-0.480605,0.350839,-0.400707,-0.247104,0.341275,-0.738228,-1.987976,0.443931,-0.460877,0.299791,-1.661679
-0.714599,1.925741,0.987545,0.098817,0.091818,-0.937677,0.320260,0.024459,0.023320,-0.145929,0.675518,0.134384,-0.045046,0.030158,-0.447685,0.292198,-0.446624,-0.215923,0.358697,-0.721927,-1.976143,0.442728,-0.487134,0.281157,-1.672062
-0.759131,1.898281,0.972058,0.088682,0.091323,-0.933976,0.333893,0.003502,0.042713,-0.174733,0.850643,0.157963,-0.080781,0.057828,-0.411131,0.321255,-0.440734,-0.159788,0.379434,-0.691458,-1.946203,0.409841,-0.533158,0.283307,-1.677534
-0.800013,1.870876,0.945445,0.078988,0.088439,-0.931029,0.345143,-0.012129,0.055353,-0.225019,1.055825,0.102050,-0.102152,0.062740,-0.370758,0.356501,-0.331443,-0.097605,0.399891,-0.649147,-1.899683,0.340927,-0.592069,0.298000,-1.678305
-0.839975,1.851461,0.917624,0.076716,0.082371,-0.925398,0.361896,-0.020774,0.077204,-0.309776,1.272433,-0.009643,-0.078377,0.062683,-0.417631,0.568579,-0.477479,-0.045686,0.411651,-0.615519,-1.841047,0.244789,-0.654467,0.310746,-1.688332
-0.876980,1.823288,0.900905,0.086584,0.081516,-0.918459,0.377214,-0.037988,0.072054,-0.425230,1.417885,-0.160648,-0.109762,0.048228,-0.419522,0.669581,-0.583965,0.009202,0.411669,-0.556140,-1.793734,0.082556,-0.680802,0.342310,-1.687499
-0.909285,1.793838,0.898374,0.086173,0.084978,-0.911673,0.392691,-0.049799,0.065362,-0.529356,1.471452,-0.243412,-0.120950,0.056241,-0.354795,0.656391,-0.627306,0.099711,0.420182,-0.482342,-1.797180,-0.064684,-0.642575,0.371638,-1.712309
-0.941371,1.760416,0.909537,0.084338,0.090523,-0.899581,0.418862,-0.077541,0.046309,-0.605813,1.415768,-0.286635,-0.129837,0.072030,-0.252976,0.568799,-0.591892,0.172833,0.440394,-0.435817,-1.831649,-0.166654,-0.589221,0.371933,-1.767698
-0.973447,1.723683,0.928564,0.082783,0.092179,-0.884479,0.449831,-0.110316,0.007187,-0.644007,1.272778,-0.323021,-0.151794,0.076671,-0.144681,0.464219,-0.477362,0.228518,0.455329,-0.403726,-1.854170,-0.236051,-0.543195,0.398650,-1.843239
-1.005627,1.683076,0.950507,0.079962,0.093590,-0.871661,0.474399,-0.132311,-0.030637,-0.635451,1.057544,-0.340437,-0.185182,0.071141,-0.060036,0.404086,-0.302141,0.274559,0.459776,-0.367776,-1.865868,-0.269990,-0.505619,0.439516,-1.920948
-1.038924,1.640767,0.969910,0.073695,0.095721,-0.860884,0.494252,-0.137543,-0.050980,-0.582723,0.799967,-0.323087,-0.215552,0.061728,0.004925,0.382904,-0.110400,0.312392,0.458046,-0.340772,-1.869512,-0.264090,-0.468503,0.471201,-1.974450
-1.073107,1.597096,0.980865,0.066709,0.097718,-0.852235,0.509605,-0.128433,-0.065620,-0.508447,0.557868,-0.312340,-0.221088,0.046369,0.037683,0.423418,0.039807,0.335601,0.452224,-0.325307,-1.872536,-0.237013,-0.432171,0.489531,-1.990646
-1.108372,1.553119,0.981161,0.058693,0.099484,-0.846886,0.519078,-0.110755,-0.076898,-0.433319,0.395845,-0.326053,-0.192526,0.034632,0.036530,0.526274,0.146198,0.340076,0.450844,-0.319893,-1.882073,-0.195153,-0.397438,0.495955,-1.973728
-1.142751,1.509955,0.970427,0.050431,0.100379,-0.844976,0.522873,-0.091081,-0.084837,-0.378914,0.349610,-0.349699,-0.158602,0.019072,0.008544,0.675139,0.189283,0.323628,0.449206,-0.329106,-1.884725,-0.151128,-0.372064,0.499337,-1.911622
-1.176164,1.468136,0.948398,0.045647,0.100867,-0.843864,0.525010,-0.076539,-0.089260,-0.346511,0.386500,-0.341970,-0.145644,-0.016971,-0.046745,0.855804,0.148573,0.275045,0.444176,-0.350016,-1.874831,-0.106559,-0.368175,0.495106,-1.817522
-1.205451,1.427042,0.917208,0.042807,0.103301,-0.841859,0.527986,-0.074247,-0.094795,-0.366591,0.548325,-0.444497,-0.125361,-0.056095,-0.110276,1.027771,0.048148,0.193975,0.444170,-0.387823,-1.853132,-0.056270,-0.380788,0.482630,-1.694689
-1.230589,1.389983,0.889067,0.044547,0.113398,-0.838018,0.531867,-0.097120,-0.093624,-0.423506,0.748382,-0.542266,-0.093614,-0.077594,-0.215237,1.200347,-0.077723,0.064761,0.452047,-0.443876,-1.828300,-0.005832,-0.390396,0.470174,-1.544342
-1.255099,1.352902,0.873587,0.056334,0.125615,-0.825432,0.547457,-0.094753,-0.082737,-0.415417,0.793452,-0.637972,-0.080151,-0.086356,-0.361639,1.331866,-0.172521,-0.106852,0.442740,-0.528958,-1.829444,0.096865,-0.402705,0.408679,-1.456493
-1.280312,1.309314,0.875902,0.064483,0.134424,-0.817514,0.556275,-0.085133,-0.062131,-0.347993,0.739891,-0.658946,-0.065727,-0.087655,-0.485555,1.360653,-0.262494,-0.244430,0.414520,-0.586778,-1.840383,0.218828,-0.413018,0.360851,-1.439090
-1.307209,1.256994,0.893897,0.065840,0.136781,-0.822347,0.548363,-0.069451,-0.041102,-0.216781,0.586360,-0.579645,-0.038840,-0.074470,-0.554284,1.278242,-0.334331,-0.316084,0.393290,-0.603111,-1.865391,0.310507,-0.424026,0.364416,-1.440914
-1.335115,1.204421,0.920114,0.062538,0.134935,-0.824326,0.546232,-0.057545,-0.018631,-0.079666,0.435628,-0.412768,-0.022538,-0.048607,-0.586914,1.124118,-0.353813,-0.341510,0.369647,-0.632263,-1.901835,0.408883,-0.427731,0.349349,-1.452722
-1.361306,1.150519,0.946322,0.062469,0.134849,-0.821984,0.549778,-0.021711,0.005458,0.004030,0.359161,-0.192017,-0.023176,-0.025000,-0.600864,0.918852,-0.376133,-0.360753,0.349639,-0.663064,-1.940641,0.492092,-0.416003,0.316754,-1.453885
-1.385520,1.095982,0.966188,0.066146,0.134904,-0.819037,0.553719,0.007896,0.018846,0.042955,0.348034,0.008862,-0.030571,-0.008453,-0.596643,0.681371,-0.390388,-0.361675,0.337868,-0.680397,-1.977896,0.547980,-0.405902,0.276815,-1.451478
-1.409531,1.039671,0.975716,0.067766,0.132090,-0.815773,0.558995,0.025475,0.026119,0.054143,0.413395,0.109376,-0.038581,0.004176,-0.566058,0.459921,-0.406844,-0.330691,0.331238,-0.685307,-2.000812,0.581975,-0.416679,0.240653,-1.462831
-1.434673,0.982353,0.973500,0.068047,0.130104,-0.810595,0.566902,0.023098,0.032686,0.033472,0.553311,0.127976,-0.031436,0.012107,-0.539816,0.342390,-0.435111,-0.288496,0.333264,-0.686040,-1.994953,0.587546,-0.444158,0.215938,-1.482928
-1.461113,0.922532,0.960032,0.064864,0.125841,-0.802174,0.580063,-0.000620,0.036382,0.003656,0.736097,0.075041,-0.028306,0.015029,-0.512968,0.344004,-0.468375,-0.229545,0.337048,-0.675504,-1.957563,0.560138,-0.483911,0.207518,-1.490070
-1.485858,0.862433,0.935602,0.062939,0.118906,-0.792324,0.595082,-0.025097,0.034675,-0.050800,0.951085,0.019444,-0.027835,0.003309,-0.484022,0.406712,-0.456647,-0.154849,0.341444,-0.651529,-1.892616,0.494510,-0.539733,0.227105,-1.514401
-1.510134,0.809488,0.904803,0.061916,0.115250,-0.777439,0.615202,-0.050782,0.046985,-0.143494,1.189567,-0.028044,-0.026198,-0.000420,-0.520555,0.620459,-0.496510,-0.085671,0.359905,-0.635563,-1.796652,0.384561,-0.587640,0.267551,-1.568374
-1.528004,0.759689,0.882500,0.072137,0.118377,-0.764927,0.629023,-0.071879,0.042537,-0.288455,1.394524,-0.109363,-0.068877,-0.011132,-0.544458,0.764768,-0.617152,-0.021879,0.369783,-0.577942,-1.666863,0.169652,-0.617437,0.351427,-1.611213
-1.542259,0.704630,0.879344,0.072460,0.120418,-0.755940,0.639378,-0.079037,0.032976,-0.421468,1.501072,-0.196230,-0.084745,-0.007245,-0.458175,0.741155,-0.674778,0.097652,0.395495,-0.483224,-1.614724,-0.072546,-0.589747,0.465272,-1.650904
-1.553608,0.644526,0.893024,0.067752,0.122757,-0.738042,0.660027,-0.096430,0.014885,-0.527331,1.490399,-0.245785,-0.103776,0.005858,-0.309232,0.609998,-0.636253,0.238926,0.437831,-0.396813,-1.644705,-0.243290,-0.528023,0.532254,-1.732538
-1.560093,0.578987,0.916304,0.060597,0.131405,-0.712169,0.686933,-0.131591,-0.009089,-0.595416,1.371810,-0.274908,-0.125068,0.030941,-0.149716,0.443888,-0.487423,0.360361,0.498612,-0.335323,-1.704779,-0.338261,-0.458333,0.552678,-1.845840
-1.564652,0.511661,0.941808,0.055352,0.133689,-0.687841,0.711294,-0.163406,-0.042138,-0.628075,1.183565,-0.288130,-0.169390,0.038563,-0.023274,0.333777,-0.257016,0.447592,0.543075,-0.290632,-1.745197,-0.393076,-0.420801,0.571230,-1.953614
-1.565755,0.443196,0.962615,0.049138,0.138562,-0.666956,0.730449,-0.184311,-0.058573,-0.622113,0.934757,-0.282598,-0.218946,0.038784,0.065578,0.278149,-0.018495,0.501042,0.563670,-0.247676,-1.760532,-0.403742,-0.388620,0.567105,-2.040816
-1.568086,0.374222,0.973867,0.044487,0.141575,-0.651777,0.743750,-0.175294,-0.065186,-0.590706,0.676088,-0.277730,-0.233720,0.032312,0.124057,0.278712,0.133150,0.514999,0.569640,-0.232680,-1.757005,-0.373831,-0.365111,0.563920,-2.078935
-1.570953,0.304715,0.974221,0.040129,0.143212,-0.646739,0.748070,-0.140892,-0.068759,-0.542617,0.450951,-0.285243,-0.208932,0.017402,0.136374,0.385610,0.176365,0.496003,0.560603,-0.230262,-1.744726,-0.323216,-0.344591,0.569859,-2.033332
-1.574086,0.235000,0.963360,0.037606,0.137702,-0.650477,0.745992,-0.093527,-0.082593,-0.499618,0.329757,-0.303918,-0.174299,-0.022413,0.119371,0.569152,0.122799,0.447922,0.526936,-0.247418,-1.711642,-0.261928,-0.343855,0.574584,-1.904099
-1.574600,0.167727,0.941932,0.030083,0.134200,-0.658402,0.739994,-0.061886,-0.079283,-0.481527,0.347542,-0.248864,-0.147130,-0.073099,0.084522,0.786200,0.070598,0.369325,0.501949,-0.278603,-1.677353,-0.197307,-0.342630,0.573759,-1.713484
-1.568277,0.102393,0.911754,0.021365,0.132298,-0.669793,0.730355,-0.052008,-0.086369,-0.514353,0.584413,-0.347510,-0.117519,-0.140134,0.024130,1.034980,0.022892,0.253311,0.490391,-0.318988,-1.690468,-0.134758,-0.362222,0.581378,-1.485540
-1.565105,0.045348,0.887853,0.026430,0.144414,-0.666557,0.730854,-0.042557,-0.090887,-0.560755,0.762766,-0.461120,-0.091626,-0.168833,-0.104297,1.285157,-0.026295,0.031825,0.476923,-0.419956,-1.737267,-0.047464,-0.394272,0.537447,-1.250519
-1.565630,0.031348,0.884119,0.026454,0.147487,-0.663427,0.733084,-0.037439,-0.085851,-0.551189,0.774614,-0.493318,-0.085220,-0.165321,-0.140284,1.343445,-0.044351,-0.031362,0.471967,-0.454785,-1.747263,-0.015515,-0.400897,0.516696,-1.196069
